,M1,M2,Mu,TB,ID,LogL,mN1,mN2,mC1,mN3,mN4,mC2,N11,N12,N13,N14,N21,N22,N23,N24,N31,N32,N33,N34,N41,N42,N43,N44,U11,U12,U21,U22,V11,V12,V21,V22,WN2,WC1,WN3,WN4,WC2,Alpha,WN1Gamma,WN2Gamma,WN3Gamma,WN4Gamma,WN1H,WN2H,WN3H,WN4H,WN1Z,WN2Z,WN3Z,WN4Z,WC1W,WC2W,SUFT01,SUFT02,SUFT03,SUFT04
0,-489.3538526276514,486.8095824524767,-150.10110760242753,1.2796407148058848,0,2.489403313848951,158.825867,-161.509081,166.210491,-502.099376,609.37007,609.356532,0.00171496087,0.00478556556,0.707747196,0.706447495,0.117624688,0.0975096416,-0.69863516,0.698974402,0.993050343,-0.00801392252,0.0817635912,-0.0842704435,0.0035365276,-0.995190808,-0.0657079427,0.0725617946,-0.0926746416,0.995696445,0.995696445,0.0926746416,0.102511007,-0.99473187,0.99473187,0.102511007,2.00705355e-10,2.38908512e-08,1.5669327,2.30002838,2.29405631,-0.756408964,1.6098158955372513e-15,2.759309201806033e-12,2.7153364186150974e-08,2.0500475412738463e-08,1.1633362207563562e-13,1.3406690849894489e-16,1.5226272517653784e-13,1.1074068405982928e-12,2.7207541736482304e-14,2.1308191983924043e-12,3.739964091751213e-09,3.8247287228220554e-08,4.26898214477677e-12,5.965957383301495e-09,92.8144407,27612.4169,46.4073978,13804.6398
1,456.95549377012753,955.3955548199964,-333.78172229994755,2.176166301507232,1,2.294509606914719,350.326509,-357.309624,354.91461,470.136169,1164.92215,1164.91958,0.0986359636,-0.0268022925,-0.709121637,-0.697638221,0.0463139392,-0.0473996151,0.703941525,-0.707159547,0.994040497,0.00795664594,0.0376100313,0.102008171,0.00307495507,-0.998484655,-0.014082562,0.0531095161,-0.0197861907,0.999804234,0.999804234,0.0197861907,0.0751222037,-0.997174335,0.997174335,0.0751222037,1.72570456e-08,1.84311315e-09,0.0433170134,4.82016374,4.81859256,-0.483761512,3.262300193689194e-11,2.220130075578397e-12,1.992218625832549e-08,5.278207334281053e-07,4.539238615181909e-10,5.1962228600854556e-11,4.340874301986112e-11,1.2492635714528278e-09,1.0966024480549053e-10,8.881341318168327e-10,2.3524767539160942e-09,1.3504910968711907e-06,1.1134172179708845e-09,8.665135350007902e-07,63.1721621,44608.8008,31.5862571,22304.1327
2,475.3330909028938,960.3286612324011,-330.64990856452835,2.28232867298642,2,2.449939596360207,347.073557,-353.977312,351.56159,488.682268,1170.58114,1170.57874,0.0887776182,-0.0283364054,-0.709496431,-0.698520148,0.0451763068,-0.0470272456,0.703893961,-0.707305331,0.995021455,0.00782692242,0.0313845878,0.0942658493,0.00315265204,-0.998460928,-0.0127716274,0.0538769035,-0.0179335691,0.999839181,0.999839181,0.0179335691,0.0762077986,-0.997091957,0.997091957,0.0762077986,1.6336502e-08,1.6411767e-09,0.0794205739,5.00716418,5.00602242,-0.463538469,2.3745189145459727e-11,1.9328294735547067e-12,2.4218334193526587e-08,5.405823242110647e-07,4.1950060068506223e-10,5.5085636279148074e-11,4.630858048918304e-11,1.4138848104135204e-09,1.1249126417548139e-10,8.255251729846438e-10,2.964258980191693e-09,1.385969418470303e-06,1.0498985455703848e-09,8.781495754944123e-07,57.2257989,39161.9192,28.6130539,19580.722
3,449.1948563879751,998.6531391614308,-311.7262609254354,2.4511354507019694,3,2.467211153521261,327.051165,-334.229393,331.68461,462.207405,1215.31065,1215.30906,0.101129433,-0.0284645087,-0.709435433,-0.696895958,0.0473291326,-0.0458051755,0.703608007,-0.70752923,0.993742862,0.00790525444,0.0387189647,0.10446757,0.00281345358,-0.998513477,-0.0117465354,0.0531501532,-0.0165022529,0.999863829,0.999863829,0.0165022529,0.0751842288,-0.99716966,0.99716966,0.0751842288,1.98121637e-08,1.93764021e-09,0.0769218283,5.70698305,5.70629735,-0.434575286,2.4021763139727696e-11,1.8866116446602053e-12,1.828606314031282e-08,6.529662770705253e-07,2.644662466035048e-10,4.282400291736995e-11,4.127810479548429e-11,1.8002538806583348e-09,8.66757162756107e-11,5.588529944490563e-10,2.128351110893656e-09,1.6921529026574432e-06,7.283619507972235e-10,9.876889240026067e-07,45.7692229,32375.3565,22.8847278,16187.4786
4,446.78468080174434,944.9866857996418,-324.4928372296018,1.942801320648154,4,2.368995258495111,341.028901,-347.728161,345.422333,459.614039,1152.66433,1152.66077,0.0830870845,-0.0224572253,-0.709501656,-0.699428059,0.0481546449,-0.0487698637,0.704015942,-0.706869284,0.99537345,0.0073032467,0.0252212921,0.0924242572,0.003059552,-0.998530839,-0.018243929,0.0509309551,-0.0256709724,0.999670446,0.999670446,0.0256709724,0.0720273918,-0.997402654,0.997402654,0.0720273918,1.40519584e-08,1.46649188e-09,0.0379281981,4.57668609,4.57402618,-0.534706346,2.0272023317675176e-11,2.148415797757275e-12,1.7825428136010893e-08,5.007048158494168e-07,3.860103195877703e-10,2.981794717863703e-11,2.7534440718298242e-11,8.581519311172949e-10,7.088578706877263e-11,7.694529674109469e-10,2.0609638696690504e-09,1.2763487634531062e-06,9.41376145822043e-10,7.957757319641055e-07,75.0020071,61597.7534,37.5012234,30798.5163
5,433.0221708363531,969.3168927808812,-341.586978820302,2.116351188542417,5,2.275898273136677,358.192861,-365.45566,363.064539,446.187649,1181.33574,1181.33336,0.129588396,-0.0252411284,-0.707579444,-0.694190942,0.0474241182,-0.046808974,0.704021997,-0.70704519,0.990429047,0.00841374341,0.058911922,0.12453472,0.0028465132,-0.998549455,-0.0146199809,0.0517410786,-0.0205530603,0.999788764,0.999788764,0.0205530603,0.0731889116,-0.997318095,0.997318095,0.0731889116,2.08160981e-08,2.51499272e-09,0.00102162539,4.78997368,4.78815358,-0.495891474,6.91384258815905e-11,2.8353249607141014e-12,1.5236044930743317e-08,5.666285225590564e-07,5.322245140980516e-10,5.631225643470139e-11,5.032195391466661e-11,1.2242417083731236e-09,1.220926410885028e-10,1.0325411337058025e-09,1.7109040386857175e-09,1.4549221149420654e-06,1.2802229183413355e-09,9.53576859801691e-07,69.6103324,48226.2256,34.8053634,24112.8253
6,696.324259269774,348.9611244101206,-301.44509563198847,1.5595417686203366,6,1.1279144553925595,316.34749,-326.102446,323.675969,447.441274,712.899368,447.570645,0.013224679,-0.0801106814,-0.712005169,-0.697463996,0.0380162084,-0.0971921448,0.701869796,-0.70461851,0.0161742105,0.991971905,0.01106854,-0.124930469,0.999058692,-0.011300685,-0.0174618505,0.0380671461,-0.0111363638,0.999937989,0.999937989,0.0111363638,0.182986693,-0.98311539,0.98311539,0.182986693,9.23832593e-08,2.18884246e-08,0.154206702,0.447568613,0.149054945,-0.643915638,2.4291340374691953e-12,6.324345861530953e-13,4.677956294812976e-09,1.5803022457470443e-07,2.3052859397472064e-10,6.0366546160596134e-12,2.3561154653081112e-11,1.9002374860627353e-11,2.4102052890000384e-11,5.37270268705374e-10,6.114256375400651e-09,2.7772861425221768e-08,6.220413752524008e-10,6.453821393543352e-09,125.528705,119705.815,62.7647012,59852.2093
7,442.3165042999833,997.3957727719386,-341.002960334082,2.391358354018466,7,2.1178747145622503,357.197613,-364.719036,362.226112,455.752371,1214.11883,1214.11739,0.135683058,-0.0284831563,-0.707290574,-0.693194678,0.0461374067,-0.0451078584,0.703916334,-0.707346037,0.989673604,0.00879044819,0.0641837578,0.127864505,0.00275786713,-0.99853729,-0.0110582614,0.0528525315,-0.015525886,0.999879466,0.999879466,0.015525886,0.0747686898,-0.997200904,0.997200904,0.0747686898,2.47712675e-08,2.96723153e-09,0.0119805141,5.33716696,5.33640383,-0.444351244,7.339981119465617e-11,2.713325191637666e-12,1.6921766337681615e-08,6.499377852452489e-07,5.028303568992292e-10,7.617173053290468e-11,6.249336264631294e-11,1.7660687084579053e-09,1.505502433975822e-10,9.84968058139604e-10,1.9426665830460284e-09,1.6832437933582835e-06,1.2610737205695239e-09,1.0911122778645936e-06,56.7046282,34584.0496,28.3524615,17291.8129
8,468.8872258779841,847.7204617815206,-335.07780343524735,2.0245326102234342,8,1.9531174168605947,351.859831,-358.888091,356.51711,482.079728,1038.44998,1038.44517,0.0811310746,-0.0285893408,-0.709693403,-0.699239353,0.0459760811,-0.0521326814,0.703866215,-0.70692343,0.995633734,0.00892108291,0.0253957022,0.0893808742,0.00417334038,-0.998190987,-0.0162075291,0.0577464443,-0.0227289738,0.999741664,0.999741664,0.0227289738,0.0816720643,-0.996659257,0.996659257,0.0816720643,1.78864568e-08,2.00519269e-09,0.0531194929,3.73037134,3.72831404,-0.515693173,2.033537262575147e-11,1.689283089022524e-12,2.268019151896552e-08,2.957168625924734e-07,4.79262811503384e-10,4.3159697200428275e-11,3.5773078541501435e-11,7.225093432688327e-10,9.624212230782284e-11,9.320620897978418e-10,2.7224616128282547e-09,7.299249297886976e-07,1.1451787850600422e-09,4.901611742189939e-07,73.1173278,54715.7278,36.5588754,27357.5412
9,-895.6302763296273,355.75893756636304,-302.61743205831624,1.486033054823058,9,0.534765180034782,317.871682,-323.012458,325.0964,455.418203,-913.639558,455.441729,0.0035159924,0.0627936682,0.710767922,0.700609417,0.0672153452,0.0966769316,-0.701602297,0.702772996,0.00302215617,-0.993326053,-0.0235210304,0.112875951,0.997727719,-0.00372543417,0.0448323419,-0.0501555632,-0.0297468984,0.999557463,0.999557463,0.0297468984,0.162931847,-0.986637326,0.986637326,0.162931847,3.93493629e-09,2.02678433e-08,0.165723435,3.1229885,0.165726861,-0.669987187,3.897518106232307e-12,4.333427805173951e-11,4.771064996204428e-09,5.493571230067523e-07,2.4168373486449616e-10,3.688947079016713e-12,1.6587648587597248e-11,2.605417614198945e-11,1.8695409756709752e-11,4.992863199012836e-10,6.955947772878299e-09,1.063757950597811e-07,6.393655665275895e-10,6.957270581634718e-09,155.300073,135312.599,77.6504464,67655.472
10,495.5293801805515,847.2864489759617,-318.0591702057447,2.524296735086459,10,2.455616627218867,333.593278,-341.019243,338.339273,509.01799,1037.55373,1037.55031,0.0800363678,-0.0372789853,-0.710263377,-0.698376971,0.0441064678,-0.0513118373,0.703394138,-0.707572188,0.995804836,0.00991862077,0.0259751431,0.0871759176,0.00463972208,-0.99793737,-0.00937624976,0.0633369193,-0.0130679339,0.999914611,0.999914611,0.0130679339,0.089589137,-0.995978808,0.995978808,0.089589137,2.36373565e-08,2.21716022e-09,0.162691346,4.39493974,4.39499033,-0.422966046,1.2975045348399865e-11,1.1095114206976852e-12,2.980782063064996e-08,2.9377474809518573e-07,3.048253307019767e-10,5.285062921639265e-11,5.038625492863516e-11,1.1708967544648053e-09,1.0336902757822178e-10,6.318234522913323e-10,3.7431141867300824e-09,7.26724554323873e-07,8.253383613388121e-10,4.593097053948521e-07,45.8227736,30027.4418,22.9115001,15013.5347
11,427.78758189049,977.6544994254622,-332.29791993101253,2.107369523541102,11,2.146089315083344,348.602914,-355.797889,353.39048,440.764635,1191.00535,1191.00295,0.122801992,-0.0245328338,-0.708076818,-0.694942465,0.0483477274,-0.046831751,0.703947473,-0.70705533,0.991248935,0.00812205951,0.0534287232,0.120436512,0.00277807016,-0.998568455,-0.0151837468,0.0512130535,-0.0213548465,0.999771959,0.999771959,0.0213548465,0.0724397796,-0.997372788,0.997372788,0.0724397796,1.98970799e-08,2.29578114e-09,0.00233518894,4.95013746,4.94821847,-0.497817304,5.3885225341292456e-11,2.6863105802873102e-12,1.4351504396298502e-08,5.903759271147973e-07,4.3923215428901694e-10,4.595184651326824e-11,4.2323951648618376e-11,1.2271549095208825e-09,1.0098168211847926e-10,8.720420877746159e-10,1.5925734224181115e-09,1.5194920349938673e-06,1.0833445154816466e-09,9.631857445976346e-07,66.4071623,48773.8211,33.2037697,24386.6199
12,494.1773633716488,942.5332444754864,-330.2529335213316,2.1229518033753325,12,2.40176312708741,346.998908,-353.594509,351.292615,507.653908,1149.77273,1149.7694,0.0708286448,-0.0264231065,-0.709774472,-0.700360851,0.0446236449,-0.0481558122,0.704012977,-0.707146008,0.996484206,0.00739686768,0.0189738841,0.0812681048,0.00335561911,-0.99846288,-0.0150306268,0.0532418682,-0.0211196752,0.999776955,0.999776955,0.0211196752,0.0752988986,-0.997161008,0.997161008,0.0752988986,1.30364248e-08,1.29973372e-09,0.0977647011,4.68802001,4.68626691,-0.494572036,1.4065410409927075e-11,1.706290773027912e-12,2.937113216045298e-08,4.938377194224454e-07,4.2895471606115296e-10,4.492474591621404e-11,3.953301915311616e-11,1.1207163342719757e-09,9.657945559654011e-11,8.365065687990199e-10,3.717747484935579e-09,1.2596401866650897e-06,1.0458150675863955e-09,8.017249011893364e-07,64.689062,47776.7277,32.3447139,23888.0787
13,465.5123662543594,998.458266487618,-330.360161951711,1.9541676829509191,13,2.388874054839448,347.273768,-353.670249,351.442189,478.597293,1215.40786,1215.40482,0.0758664839,-0.0212808509,-0.709465731,-0.700321197,0.0466881255,-0.046598643,0.704204672,-0.706926139,0.996020552,0.00656143638,0.0210789432,0.0863463174,0.00274888745,-0.998665429,-0.0176021308,0.0484764809,-0.0247831511,0.999692851,0.999692851,0.0247831511,0.0685550771,-0.997647333,0.997647333,0.0685550771,1.11540684e-08,1.10708987e-09,0.053394718,4.97893478,4.97636768,-0.53200881,1.8270814331468015e-11,2.274352739648119e-12,2.1834429074380312e-08,6.535859495648699e-07,4.405970967196868e-10,3.43903484946633e-11,3.034618642612668e-11,1.038180332435738e-09,8.036237622990769e-11,8.559986884999104e-10,2.631732610033086e-09,1.6929881635459566e-06,1.0491145367102678e-09,1.058452063665385e-06,76.7187462,60543.1281,38.3595976,30271.2093
14,456.9553842301928,988.415911955726,-333.78165081664974,2.605224967745172,14,2.194259001352445,349.615248,-357.133057,354.547939,470.414172,1203.3914,1203.39026,0.12078877,-0.0314554858,-0.70830354,-0.694785378,0.0451595615,-0.0450848665,0.703762742,-0.707563405,0.991646159,0.00883415888,0.054253035,0.11668959,0.0029294218,-0.998448729,-0.00898367351,0.0548711876,-0.0125899561,0.999920743,0.999920743,0.0125899561,0.0776266427,-0.9969825,0.9969825,0.0776266427,2.48428813e-08,2.69066538e-09,0.0529464539,5.5455471,5.54550067,-0.410860173,4.91168025705713e-11,2.2327470713695847e-12,1.9904199564209078e-08,6.212161557659086e-07,4.2167476481866746e-10,7.847105895495738e-11,6.206233243360168e-11,1.9890390873316103e-09,1.4864128746096027e-10,8.408079974116123e-10,2.352990194819977e-09,1.6056941344099144e-06,1.1045603853820645e-09,1.018977692011956e-06,48.5199708,27704.6981,24.2601017,13852.1763
15,415.4751747543186,867.8667317199752,-340.39544070308153,1.8940054528193573,15,2.037870699598125,357.089115,-364.497058,362.123762,428.322855,1062.30687,1062.30259,0.132490033,-0.0242335981,-0.707480925,-0.693779406,0.0492048894,-0.0514453052,0.70395701,-0.706665966,0.989955955,0.00936241695,0.0597617871,0.127781377,0.00353218069,-0.998337848,-0.0185417793,0.0544542713,-0.0260524621,0.999660577,0.999660577,0.0260524621,0.0770201142,-0.997029539,0.997029539,0.0770201142,2.29692959e-08,2.99633443e-09,0.000153205598,3.70316577,3.70037172,-0.54656271,7.217644019550322e-11,2.625266368190841e-12,1.2421421869270384e-08,3.321819595534449e-07,5.351908191542847e-10,3.798592070626379e-11,3.992489119354372e-11,6.246565227657517e-10,9.423132408241673e-11,1.0461986999987582e-09,1.3286323596055086e-09,8.243524882383226e-07,1.2598381112903442e-09,5.589040396427734e-07,87.6129313,66481.701,43.8067239,33240.464
16,427.42041341666254,872.7586763204429,-308.34501939113056,2.156347793267686,16,2.0618327142595887,323.662286,-331.130764,328.560981,440.061661,1067.65758,1067.65408,0.0999466151,-0.0288807971,-0.709676851,-0.69680366,0.0497333635,-0.0516604348,0.703423566,-0.707144313,0.993742212,0.00920585712,0.0362303761,0.105256965,0.00369910523,-0.998204564,-0.0155374991,0.0577282557,-0.0218042355,0.999762259,0.999762259,0.0218042355,0.0816562176,-0.996660555,0.996660555,0.0816562176,2.41692339e-08,2.60985665e-09,0.0394321522,4.36039036,4.35864887,-0.487797002,2.2062365133101013e-11,1.6870292393618082e-12,1.4325469560657254e-08,3.4032686886907036e-07,2.5380024655294376e-10,2.913162855191823e-11,2.936038260812958e-11,9.021105876731497e-10,6.447950789549251e-11,5.459026140357618e-10,1.5753437034657073e-09,8.469737339780313e-07,6.856379689652782e-10,5.105869225517363e-07,54.7987615,45711.3278,27.3995343,22855.3899
17,290.0809637470841,633.8749800895146,-156.49534545728957,1.283746320271627,17,2.948339140783364,165.601514,-174.971742,171.588719,299.894675,783.70457,783.684025,0.00896106582,-0.00360866632,-0.708418171,-0.70572684,0.0842910284,-0.0785405203,0.701795706,-0.703000139,0.996379502,0.0132072739,-0.0526487537,0.0654336677,0.00652763642,-0.9968169,-0.0534283694,0.0588121346,-0.0752657309,0.997163512,0.997163512,0.0752657309,0.0829278009,-0.996555558,0.996555558,0.0829278009,7.30967728e-08,7.41393083e-09,0.0795034756,3.52191713,3.51424418,-0.754251824,5.354584664749169e-15,2.545165213787929e-13,2.1258504626784733e-09,7.155417408374292e-08,2.51713355827753e-13,6.173096475438853e-16,2.1275474280309163e-14,3.255020015229485e-12,4.2195573973773323e-14,4.804831028007606e-12,1.3634496494748807e-10,1.5760105067695205e-07,5.880662034968444e-12,2.8204363609834055e-08,98.4004575,43068.9042,49.2004191,21532.9089
18,699.9722071286797,325.5904962527075,-289.1961826834111,1.564107919949188,18,0.5159980435886121,303.423351,-313.728804,311.137291,419.480492,716.55217,419.63332,0.0126403713,-0.091397861,-0.712570297,-0.69550717,0.0382963571,-0.102606591,0.701338355,-0.704364812,0.0153811944,0.990462069,0.00671601683,-0.136759661,0.99906808,-0.0101591957,-0.0179715994,0.0379049265,-0.00316324198,0.999994997,0.999994997,0.00316324198,0.201537719,-0.979480754,0.979480754,0.201537719,1.21289448e-07,2.85591613e-08,0.110352759,0.491680014,0.105722063,-0.642476255,2.9510958930470787e-12,7.339132063200603e-13,3.368137912528461e-09,1.6232330571402038e-07,1.6666689753935804e-10,4.602459408094599e-12,1.9650091502147686e-11,1.8836043658968068e-11,1.9247068905885176e-11,4.165256914308371e-10,4.129332541094293e-09,2.8459456638920036e-08,4.824794310572934e-10,4.4348481503054175e-09,114.210549,118391.811,57.1055927,59195.214
19,418.0874781822021,914.7662027679316,-342.7993395715979,2.0008290915201443,19,1.533592276710332,359.360054,-366.869532,364.470969,431.171494,1117.33221,1117.32903,0.145564377,-0.0248786761,-0.706618064,-0.69201371,0.0485887261,-0.0491299396,0.703980205,-0.706850235,0.988149867,0.00927391091,0.0695286307,0.136526935,0.00316033558,-0.99843943,-0.0163875546,0.0532932008,-0.0230296143,0.999734783,0.999734783,0.0230296143,0.0753836602,-0.997154604,0.997154604,0.0753836602,2.44723083e-08,3.22717568e-09,0.000177797461,4.18481048,4.18250759,-0.521049342,9.121583328345541e-11,2.8703492883414884e-12,1.2792213650411665e-08,4.2828656730567325e-07,5.501253437245932e-10,4.8491119041911056e-11,4.968144761351855e-11,8.79054275389223e-10,1.1270815305202614e-10,1.074454911531171e-09,1.382042423758746e-09,1.0805611283384497e-06,1.3104349085285157e-09,7.248257382042769e-07,78.4452209,56607.2803,39.2228384,28303.3072
20,423.88305353517336,897.2198799734467,-320.6040244264843,1.7942004461923022,20,1.9868410131737009,337.036043,-343.844095,341.53561,436.338377,1096.49207,1096.48739,0.0843810862,-0.0203213312,-0.709453708,-0.699387097,0.050288868,-0.0512497066,0.703992287,-0.706568721,0.995158235,0.00763280895,0.0246520261,0.0948372552,0.00330895609,-0.998449924,-0.0215075284,0.0512271972,-0.0302696208,0.99954177,0.99954177,0.0302696208,0.0724372348,-0.997372973,0.997372973,0.0724372348,1.52136903e-08,1.66555357e-09,0.0139373868,4.05600029,4.05258674,-0.572717189,2.044667883826287e-11,2.182401147325555e-12,1.3745386345026322e-08,3.895979322402025e-07,3.606295204753468e-10,1.9909379726478267e-11,1.9883905938494836e-11,5.391935858260588e-10,5.319782719501496e-11,7.303064304553403e-10,1.5046340975953654e-09,9.770417246022492e-07,8.769587358916492e-10,6.113917436758996e-07,89.3692762,78082.6184,44.684902,39040.8586
21,496.4592555391224,930.027454280595,-325.3601019165066,2.1920877970290658,21,2.3903825295837087,341.8147,-348.517328,346.161233,509.94327,1135.02013,1135.01681,0.0707880669,-0.0279970969,-0.709909811,-0.700166603,0.0445703753,-0.0485987356,0.703892931,-0.707238564,0.996488929,0.00768276815,0.0189969969,0.0811782155,0.00351350353,-0.998396364,-0.0142097304,0.0546849002,-0.0199525351,0.999800928,0.999800928,0.0199525351,0.0773412848,-0.997004677,0.997004677,0.0773412848,1.41399074e-08,1.38785297e-09,0.120670893,4.7068065,4.70534445,-0.480635989,1.2642069094829187e-11,1.5386698117870317e-12,3.0048885565799056e-08,4.6262138088151325e-07,3.809968648545555e-10,4.4332146891923504e-11,4.0900802684447864e-11,1.1623623821355313e-09,9.361049650180581e-11,7.559481589698758e-10,3.813862122228842e-09,1.1757276336941465e-06,9.539526118925485e-10,7.388061123085562e-07,59.2619317,43713.4267,29.6311302,21856.4506
22,729.4485331581077,359.5772001732658,-301.371405036891,1.4450197130461393,22,0.1958243417267667,316.629432,-325.801393,323.906473,459.787782,746.62224,459.869894,0.0087408788,-0.0520672471,-0.710858787,-0.7013504,0.0370371358,-0.0960775368,0.70238346,-0.704311602,0.0140716076,0.993961006,0.0304526352,-0.104480355,0.99917658,-0.00998129779,-0.0202459295,0.0337140707,-0.0406311578,0.999174214,0.999174214,0.0406311578,0.151690736,-0.988428005,0.988428005,0.151690736,6.81590045e-08,2.09443733e-08,0.179049625,0.489308735,0.172724843,-0.685008436,1.0152031032560332e-12,6.642613317205918e-13,5.339685935676032e-09,1.9944563120381864e-07,2.3571255452973884e-10,3.0285640163060665e-12,1.2291620425891529e-11,1.1042380053715856e-11,1.5870332793779515e-11,5.410772739209433e-10,7.2375950557304285e-09,3.57516320469372e-08,6.242271378641921e-10,7.38647452728862e-09,175.971021,144922.42,87.985958,72460.2909
23,442.0646171076344,943.5813207965408,-347.4614579392368,2.7065994782415013,23,1.8163266561377,363.024404,-371.442701,368.72654,455.950234,1150.89267,1150.89189,0.163637496,-0.0349648668,-0.705328369,-0.688848401,0.0449395512,-0.0459646391,0.703728001,-0.707555362,0.985491133,0.0111737063,0.0850486985,0.14645509,0.00322998791,-0.99826843,-0.00674626353,0.0583454949,-0.00940609078,0.999955762,0.999955762,0.00940609078,0.0825537487,-0.996586614,0.996586614,0.0825537487,4.31734502e-08,5.70187791e-09,0.00153999943,5.12526245,5.12567754,-0.396588219,1.1523351995468479e-10,2.541544199862518e-12,1.685955344042043e-08,4.96287668310651e-07,5.378007378254079e-10,1.1126333164216225e-10,8.639014568226723e-11,1.8722253090225813e-09,2.0503386571435123e-10,1.0665997225249978e-09,1.9273886374524926e-09,1.265776694483293e-06,1.4040381003906574e-09,8.52382574938983e-07,50.3046028,25173.0339,25.1524171,12586.3588
24,480.7973454080416,903.206475201876,-328.3583253504422,1.984751830210665,24,2.2483772706932967,345.114674,-351.759322,349.481647,494.045789,1103.65141,1103.64711,0.0685962025,-0.0250897762,-0.709790192,-0.70061612,0.045823489,-0.0501650574,0.704003519,-0.706938979,0.996585017,0.00765582761,0.0165484728,0.080534717,0.00361567989,-0.998396393,-0.017409125,0.0537446814,-0.0244657128,0.99970067,0.99970067,0.0244657128,0.0760037562,-0.997107531,0.997107531,0.0760037562,1.35319131e-08,1.42441211e-09,0.0754961692,4.22498494,4.22262584,-0.524805861,1.2964107765131575e-11,1.6843892062415802e-12,2.5652278105428275e-08,4.0197628173328893e-07,4.198226650737017e-10,3.495453547255172e-11,3.1212720787568724e-11,8.095871694320011e-10,8.014818617952333e-11,8.240277326442708e-10,3.16451611523058e-09,1.012003954279112e-06,1.0126975913209893e-09,6.492320742100004e-07,73.2350904,57893.6104,36.6177585,28946.465
25,530.4455659740432,812.7343920549155,-337.3883922950594,2.4225262929670444,25,2.3174658219228723,353.893412,-361.160386,358.559979,544.469551,997.112667,997.107536,0.0704782691,-0.0391525712,-0.71019741,-0.699370809,0.0416359553,-0.0523919146,0.703637219,-0.707401017,0.99662861,0.0105024231,0.0208763236,0.078646622,0.00553838748,-0.997803519,-0.00885905314,0.0654139196,-0.0122985397,0.99992437,0.99992437,0.0122985397,0.0925127589,-0.995711499,0.995711499,0.0925127589,2.12451384e-08,2.03293993e-09,0.187196973,3.82196923,3.82202677,-0.439114286,1.1842164049460824e-11,9.857447073927348e-13,4.183290185225302e-08,2.399332353396482e-07,4.755242278449027e-10,7.321446117438195e-11,6.050639888998411e-11,9.928771673386977e-10,1.4172470699358711e-10,9.231988741600434e-10,5.530813931079043e-09,5.869330862828081e-07,1.1859928461217799e-09,4.0304893412979874e-07,54.4950841,33440.506,27.2476821,16720.0476
26,309.3460680325584,519.1089713253499,-154.43682547067544,1.314175274549197,26,1.978545218943676,163.406799,-173.664013,170.409521,319.336,647.810415,647.769374,0.0109528483,-0.00660316314,-0.709067838,-0.705024279,0.0809485045,-0.0917350471,0.70084279,-0.702745619,0.996594843,0.0187415306,-0.0484482609,0.0640331174,0.0112291492,-0.995585172,-0.0607861105,0.0706337071,-0.0853682023,0.996349472,0.996349472,0.0853682023,0.099417292,-0.995045829,0.995045829,0.099417292,1.14128128e-07,1.6607956e-08,0.104478567,2.53294965,2.52554408,-0.740761918,5.57738470714528e-15,1.3918353384016838e-13,2.928707630721721e-09,2.7054342857493558e-08,1.9862755158186027e-13,1.1356303253152819e-15,5.405858658453493e-14,3.341094963577174e-12,4.373570107330101e-14,4.479000521838839e-12,2.0280628152184518e-10,5.4593326142227283e-08,5.4103206421603286e-12,1.0595047863035918e-08,80.718616,94120.1166,40.359475,47058.6829
27,532.276119716022,968.8879628962032,-333.6645115225017,2.8294887575819136,27,2.2019769793296224,349.881794,-356.839528,354.263318,546.362071,1180.38697,1180.38541,0.0795914745,-0.035202594,-0.70981129,-0.698994926,0.0408184354,-0.0452272057,0.70380786,-0.707773164,0.995985328,0.00817890518,0.0279018293,0.0846629734,0.00350401641,-0.998322785,-0.0066269726,0.0574057693,-0.00924965873,0.999957221,0.999957221,0.00924965873,0.08120188,-0.996697675,0.996697675,0.08120188,1.70688126e-08,1.44686764e-09,0.236373786,5.58218802,5.58294001,-0.380593597,1.6835372243206688e-11,1.3869821025261888e-12,4.2404821167443115e-08,5.627052799334299e-07,4.1738571068089053e-10,9.038707383598795e-11,7.634375913576279e-11,2.119374313341968e-09,1.648880355857012e-10,8.162381925244941e-10,5.695957062239319e-09,1.4493984678335193e-06,1.1010208297874284e-09,9.243978167460973e-07,44.2499287,22539.675,22.1250611,11269.6948
28,453.4118030118436,885.2821463971513,-349.7624356704241,2.456569939952348,28,0.76138088799344,366.022781,-373.992834,371.352528,467.05785,1082.5549,1082.55296,0.136162818,-0.0351424596,-0.707361723,-0.692722229,0.0448160003,-0.0487318516,0.70375739,-0.70734876,0.989665069,0.0108509884,0.0654865935,0.127109455,0.00377682687,-0.998134495,-0.00874268516,0.0603061424,-0.0121939767,0.999925651,0.999925651,0.0121939767,0.0853248804,-0.996353183,0.996353183,0.0853248804,3.31410896e-08,4.04065188e-09,0.0148908989,4.35762645,4.3573818,-0.433532547,7.872980965482611e-11,2.230838557589008e-12,1.916948156737544e-08,3.6458380939243883e-07,5.928549831795067e-10,9.652599577637059e-11,7.307636998251924e-11,1.328494826464184e-09,1.8556363984740688e-10,1.1459146714439938e-09,2.231954245079528e-09,9.123771122988109e-07,1.4687432098127628e-09,6.322916736439853e-07,57.445886,32252.736,28.7230888,16126.1694
29,541.7693952738102,936.2203514846764,-320.4252012315877,1.9927257033454329,29,2.2491746233184333,337.098063,-343.315373,341.168106,555.796592,1142.31563,1142.31102,0.0469967833,-0.0239305657,-0.70984446,-0.702381288,0.0430723646,-0.0491228951,0.704131522,-0.707057644,0.997959226,0.00691747698,0.00310271962,0.0634027228,0.00366842958,-0.998482057,-0.0176072633,0.0520587091,-0.0247590661,0.999693447,0.999693447,0.0247590661,0.073604681,-0.997287497,0.997287497,0.073604681,9.72722838e-09,9.78188245e-10,0.188498537,4.60015818,4.59785363,-0.522995894,4.426163531007424e-12,1.1665289359724554e-12,4.631465986376056e-08,4.774854865571149e-07,3.543093666069786e-10,2.9715501497744136e-11,3.4193174011521634e-11,9.031081274464911e-10,6.865275146822297e-11,7.040099609845476e-10,6.317066184395854e-09,1.2170185406479182e-06,8.721354666717023e-10,7.490069597474139e-07,69.137502,57201.6618,34.5689521,28600.4943
30,434.5826612651347,920.466725961964,-316.63453497996784,2.297815921079985,30,2.2319426295349225,332.100258,-339.577162,337.002838,447.485391,1123.70601,1123.70361,0.109925936,-0.029525795,-0.709146707,-0.695812808,0.0483291802,-0.0489558399,0.703544355,-0.707313902,0.992758582,0.00898433373,0.0443163028,0.111291263,0.00331318101,-0.998324013,-0.013128335,0.056265751,-0.0184224797,0.999830292,0.999830292,0.0184224797,0.0795933797,-0.996827414,0.996827414,0.0795933797,2.42441457e-08,2.61345493e-09,0.0394112651,4.8256063,4.82446059,-0.460760019,3.1141413935693813e-11,1.921144799427582e-12,1.5540904180020173e-08,4.4028668895094444e-07,3.0137077989523347e-10,4.147191561333031e-11,3.863133220166554e-11,1.2430766566747658e-09,8.655462352961984e-11,6.313126714746754e-10,1.743420778804343e-09,1.1140504977127873e-06,8.046042424878147e-10,6.8081620883244e-07,51.9185007,38434.4858,25.9593897,19217.0093
31,735.0822698500172,365.55360075077954,-334.2663887287439,1.5229248353888685,31,-0.4962240099873982,350.534802,-359.668093,357.392075,467.598792,752.485525,467.713164,0.0119038932,-0.0820959988,-0.711310023,-0.697966042,0.0356161595,-0.090976856,0.702660397,-0.70478583,0.0141354724,0.992414758,0.00540767925,-0.12199956,0.999194663,-0.00981865051,-0.016648554,0.0351631173,-0.00266924586,0.999996438,0.999996438,0.00266924586,0.178960513,-0.983856257,0.983856257,0.178960513,6.67046379e-08,1.5608841e-08,0.0966766783,0.426050211,0.0931942203,-0.656351877,4.735807448373031e-12,9.001207224118346e-13,5.792682684021228e-09,2.074448214340452e-07,4.947835298009652e-10,1.0253408948658737e-11,3.1437120358689335e-11,2.0461124749563618e-11,4.387718733443371e-11,1.013951276766561e-09,7.981010400984021e-09,3.731380134920307e-08,1.1632566370138305e-09,9.071495346531444e-09,170.125954,128658.682,85.0634398,64328.5833
32,426.6952037824899,839.4513225755587,-317.6984978363192,1.9690325718962207,32,1.446908527821868,333.63813,-340.96788,338.505401,439.296174,1028.56233,1028.5575,0.0953844223,-0.0267517787,-0.709575288,-0.697631038,0.0497340882,-0.0533656376,0.703620837,-0.706821297,0.994189368,0.0092313235,0.0329527671,0.102060762,0.00397915552,-0.99817395,-0.0182959853,0.0574298661,-0.0256843938,0.999670102,0.999670102,0.0256843938,0.0812252167,-0.996695773,0.996695773,0.0812252167,2.20001137e-08,2.52545802e-09,0.0219910442,3.785192,3.78266345,-0.528490321,2.3640353044837906e-11,1.7947646545221808e-12,1.4214414748893851e-08,2.821007493751883e-07,3.264373546215863e-10,2.7138610345238086e-11,2.6340809604927956e-11,6.256812056928337e-10,6.444262664821001e-11,6.763680401494182e-10,1.5577486740584465e-09,6.931187625375067e-07,8.280374671557361e-10,4.395241251466596e-07,69.7618766,59230.9456,34.881142,29615.1252
33,399.80407072321225,983.6046005869408,-328.44754414644166,1.820424874094744,33,1.6364505173607082,344.89948,-351.866945,349.538203,412.310316,1197.98917,1197.98596,0.129205706,-0.0184068387,-0.707586651,-0.694469729,0.051309066,-0.0475396561,0.704127113,-0.706620385,0.990286125,0.00746652866,0.0558907953,0.127097839,0.0025799424,-0.998671828,-0.0200588589,0.0473874006,-0.0282586986,0.999600643,0.999600643,0.0282586986,0.0670143058,-0.997752015,0.997752015,0.0670143058,1.68867856e-08,1.93813785e-09,0.000109226514,4.72627925,4.72304119,-0.565628545,6.050407549436699e-11,3.1365267008286054e-12,1.0252686819375192e-08,6.08468768935401e-07,4.210312623107448e-10,2.507824746302207e-11,2.9640571258105826e-11,7.611404906101167e-10,6.701356814174835e-11,8.434633987105614e-10,1.0607430860208083e-09,1.5674204945266995e-06,1.0127572473220155e-09,9.787305835133453e-07,90.188106,74755.2196,45.0943195,37377.1776
34,462.2327497572128,991.7020336883428,-310.7849623577181,2.124147652841528,34,2.4783218034637327,326.685209,-333.323471,330.961792,475.190018,1207.33601,1207.33333,0.0766790857,-0.0240350457,-0.709855374,-0.699748514,0.0475350388,-0.0469776353,0.703852093,-0.707195696,0.995917994,0.00694424596,0.0211047342,0.0874855261,0.00284386136,-0.998582593,-0.0158798523,0.0507202813,-0.0223444784,0.999750331,0.999750331,0.0223444784,0.0717336281,-0.997423825,0.997423825,0.0717336281,1.34579176e-08,1.26986299e-09,0.0843375854,5.32794655,5.32600926,-0.494406213,1.3184809369001385e-11,1.792910195901053e-12,2.1072508241324535e-08,6.318380773923125e-07,2.7479271882114506e-10,2.9266744734790665e-11,3.030709008069257e-11,1.277850024653607e-09,6.524617320757167e-11,5.716256672857538e-10,2.52043324721491e-09,1.6340193200837698e-06,7.196260716267635e-10,9.522728464717923e-07,57.2270248,47647.0784,28.6136741,23823.2544
35,490.1771207040496,981.4136165561404,-314.0470634801202,1.9900529765897768,35,2.2981635482287226,330.370262,-336.689119,334.458602,503.445921,1195.27007,1195.26662,0.0592930454,-0.0221412756,-0.709853429,-0.70149997,0.0461246513,-0.0476324016,0.704058203,-0.707040111,0.997169919,0.00652476936,0.00969572568,0.0742669034,0.00300065851,-0.99859819,-0.0177805853,0.0497644573,-0.0250281157,0.999686748,0.999686748,0.0250281157,0.0703713195,-0.997520866,0.997520866,0.0703713195,1.05313062e-08,9.9967228e-10,0.115894815,5.05756998,5.05510136,-0.52367972,7.70716090541082e-12,1.6001881084693355e-12,2.8186162821822527e-08,6.005550694183799e-07,3.0486599239401184e-10,2.5636060570309317e-11,2.766293825731465e-11,1.027482793493845e-09,6.019373164764245e-11,6.208264304659735e-10,3.553129350630157e-09,1.5491501069042295e-06,7.696765115068342e-10,9.171157456397405e-07,66.6048075,57367.949,33.3025975,28683.6367
36,501.86266742143175,903.2510664248892,-343.9722944931626,2.467911140552778,36,2.36428249158341,360.67718,-367.842937,365.313312,515.658748,1103.61429,1103.61175,0.0887469951,-0.0344741702,-0.709515342,-0.698228818,0.0425949054,-0.0482101802,0.703848242,-0.707431343,0.995135388,0.00904920816,0.0331842635,0.0923172545,0.00389921452,-0.998201093,-0.00918893666,0.0591179974,-0.0128353117,0.999917624,0.999917624,0.0128353117,0.0836273235,-0.9964971,0.9964971,0.0836273235,1.97164594e-08,1.95460029e-09,0.107394554,4.57665154,4.57645669,-0.431737683,2.624199607394126e-11,1.6494151510762968e-12,3.1731539168387415e-08,4.013214611612165e-07,5.401672336293838e-10,8.675445889082673e-11,6.424150130200864e-11,1.4084806860024287e-09,1.654760854383717e-10,1.0305902530011698e-09,4.048817257291338e-09,1.0119124200425962e-06,1.3306605335478404e-09,6.835854439465068e-07,55.2135925,31858.5663,27.6069358,15929.0867
37,439.3891890734529,928.2862914092726,-347.19869356509344,1.8896780011029648,37,2.0437435288977563,364.513863,-371.36429,369.10364,452.387475,1133.33476,1133.33109,0.106760785,-0.0223482662,-0.708478585,-0.697252311,0.0473669958,-0.0487856952,0.70420808,-0.706730007,0.993150967,0.0078538819,0.042630091,0.108499532,0.00310791397,-0.998528331,-0.0182140061,0.0509878747,-0.0256209011,0.999671731,0.999671731,0.0256209011,0.0721116153,-0.997396569,0.997396569,0.0721116153,1.56216938e-08,1.84506706e-09,0.000916070899,4.12657923,4.12380691,-0.547638641,5.032756750477802e-11,2.7730418848808836e-12,1.640398305900744e-08,4.600206694515332e-07,6.244980245590561e-10,4.29284079115161e-11,3.8374803554915057e-11,7.605722483620554e-10,1.0365150365505015e-10,1.1771469172378669e-09,1.8651362101627353e-09,1.166050815731688e-06,1.4188706045299784e-09,7.888252446763438e-07,91.656967,66942.8605,45.8287538,33471.0413
38,915.9808625241442,355.9318917381032,-305.99262173174094,1.510944220908724,38,0.5657002446370142,321.279885,-330.435769,328.499937,455.731146,936.514151,455.810467,0.00754633285,-0.069014293,-0.711391102,-0.699358835,0.0312480548,-0.0958314037,0.702359611,-0.704649471,0.0086180319,0.992989384,0.018255453,-0.116466953,0.999446017,-0.00504505928,-0.0167455804,0.0283159223,-0.0220649761,0.999756539,0.999756539,0.0220649761,0.169428825,-0.985542426,0.985542426,0.169428825,6.76032489e-08,2.02234883e-08,0.157232842,0.847827034,0.152911429,-0.660731647,2.5779258323097827e-12,1.3819817486462318e-12,4.997162152319565e-09,6.229223889221305e-07,2.6106503735534946e-10,5.176060458663866e-12,1.991170583668726e-11,3.3190895348005466e-11,2.2493415514332964e-11,5.884521853359477e-10,6.89381046344457e-09,1.2179063859962293e-07,6.834008568162243e-10,7.195011975842447e-09,147.47205,130876.555,73.7364223,65437.4978
39,423.8830771464477,942.2959741231236,-320.60404813027606,1.750719075918166,39,2.0568900229109954,337.16305,-343.734704,341.471379,436.299407,1149.43545,1149.43125,0.0798358223,-0.0179429943,-0.709394736,-0.700045284,0.0504349155,-0.0495521888,0.704144945,-0.706527279,0.995526964,0.0068952368,0.0212815661,0.0917911499,0.00293689116,-0.998586544,-0.0220476795,0.0482720338,-0.0310567722,0.999517622,0.999517622,0.0310567722,0.0682547637,-0.997667924,0.997667924,0.0682547637,1.27534282e-08,1.32140584e-09,0.013876253,4.39278332,4.38917712,-0.584788328,1.8702157971299433e-11,2.3849022617080256e-12,1.3738526318606031e-08,4.940142823720965e-07,3.6391621425614275e-10,1.769941691252549e-11,1.7884211642152622e-11,5.589833715221498e-10,4.925341576176962e-11,7.327676352871675e-10,1.508297491929533e-09,1.257264973089251e-06,8.764871190594526e-10,7.736825618349041e-07,95.8055271,84143.7839,47.9030456,42071.4077
40,453.17345530731086,923.8681262851344,-321.83770929083573,2.068524392956042,40,2.280410738360641,338.074621,-344.981124,342.595577,466.11671,1127.75877,1127.75537,0.0854820307,-0.0256830227,-0.709643142,-0.698884695,0.0475582928,-0.0493146845,0.703840754,-0.707046295,0.995198526,0.00787855046,0.02737356,0.0936403207,0.00330517843,-0.998421941,-0.0162939526,0.0536396329,-0.0229008672,0.999737741,0.999737741,0.0229008672,0.0758646489,-0.997118125,0.997118125,0.0758646489,1.63662613e-08,1.70709966e-09,0.0531803614,4.55930062,4.55721944,-0.506106449,1.977528142457056e-11,1.9017839857253788e-12,1.9127696246228133e-08,4.483858635706827e-07,3.5612067112906937e-10,3.476385843699502e-11,3.2011664371566783e-11,9.72040147346489e-10,7.775051820792593e-11,7.194192252274823e-10,2.2373026823081822e-09,1.135820407812544e-06,8.937024752939052e-10,7.066663503264078e-07,64.578434,51392.7864,32.289402,25696.0882
41,279.31994886199834,656.8536226932398,-149.85271531097135,1.2947022059629107,41,2.08800666124844,158.639582,-168.017126,164.501157,289.024768,810.828905,810.810699,0.0105878439,-0.00391377643,-0.70866005,-0.705459788,0.0875677292,-0.076857265,0.701569488,-0.703011456,0.996084688,0.0127267527,-0.0538344863,0.0689577637,0.00592331601,-0.996953195,-0.0519907188,0.0578464048,-0.0732622438,0.997312711,0.997312711,0.0732622438,0.0815926038,-0.996665765,0.996665765,0.0815926038,7.32538428e-08,6.62688203e-09,0.077799827,3.82180619,3.81411111,-0.749624385,6.305887203018214e-15,2.5095563763914343e-13,1.7655749521037315e-09,8.504212299410203e-08,1.1358425010397012e-13,4.302095780721791e-16,2.2286448322749112e-14,4.804661202244066e-12,2.9034264412718065e-14,3.258132585309787e-12,1.0637048391764749e-10,1.9003995911469693e-07,4.020606689120788e-12,2.897876368801073e-08,84.6109351,60853.6269,42.3056352,30425.3347
42,453.4118060199198,960.962372324352,-349.76243746137504,2.456569939952348,42,0.9035558549425312,366.18529,-373.858,371.323849,467.065748,1171.51974,1171.51828,0.136525906,-0.0312674255,-0.707167359,-0.693034884,0.0448247984,-0.0459192517,0.703921098,-0.707373485,0.989617082,0.00949408901,0.06570527,0.127478274,0.00307326265,-0.998410553,-0.0096036802,0.0554499025,-0.0134527706,0.999909507,0.999909507,0.0134527706,0.0784478603,-0.996918218,0.996918218,0.0784478603,2.73959757e-08,3.33120252e-09,0.0149519616,5.0077503,5.00733224,-0.433552154,8.221820773963757e-11,2.6019420016898634e-12,1.9141275259205443e-08,5.428600875988104e-07,5.949879504731924e-10,9.624639118638179e-11,7.352156914148698e-11,1.6858185848191097e-09,1.8497970132372488e-10,1.1426946240729517e-09,2.243661044110608e-09,1.3917030427147414e-06,1.4687153034358492e-09,9.381543987429164e-07,57.4458869,32242.5376,28.7230893,16121.0702
43,297.1599993343917,532.5096312700188,-161.85208390703784,1.3347110890623637,43,2.318947083406667,171.204444,-181.314125,178.01765,307.02937,663.814238,663.778744,0.0152087069,-0.00782123573,-0.709468434,-0.704529676,0.0817329307,-0.0891240304,0.700837218,-0.702996322,0.996487466,0.0174803637,-0.0460702803,0.0677103876,0.0100575196,-0.995836418,-0.0579591606,0.0696377028,-0.0814293463,0.996679117,0.996679117,0.0814293463,0.0980893862,-0.995177608,0.995177608,0.0980893862,1.06618542e-07,1.4462722e-08,0.0784712238,2.56149325,2.55401056,-0.731537839,1.554619743075891e-14,1.971649785718657e-13,2.4024839150760774e-09,3.071857101987538e-08,4.3539323208247577e-13,3.0848943219656248e-15,7.259884466777788e-14,5.379528060707467e-12,7.682976862096473e-14,6.651472120726031e-12,1.5701119290170131e-10,6.259330172390219e-08,7.994279051273722e-12,1.3811975416152811e-08,79.8321262,117309.038,39.9162353,58653.2391
44,860.8632389092163,346.36506084290164,-305.5321948396199,1.4661544056362832,44,1.0805474028940312,320.829575,-330.066773,328.187199,444.167961,880.399051,444.247395,0.00717391255,-0.0653793973,-0.711272218,-0.699832767,0.0327720582,-0.0974744725,0.702338053,-0.704376305,0.00953169525,0.993071274,0.0220046585,-0.115040804,0.999391652,-0.00580571948,-0.0181352331,0.0292187093,-0.0271586868,0.999631135,0.999631135,0.0271586868,0.167705603,-0.985837122,0.985837122,0.167705603,7.06360498e-08,2.22564888e-08,0.121485094,0.733106002,0.11777271,-0.677025328,2.293230749534984e-12,1.287526595370269e-12,4.410152477606086e-09,4.569383116265515e-07,2.5952972427131835e-10,3.8849376039681195e-12,1.4862417038031047e-11,2.0910590655671104e-11,1.9436852697204274e-11,5.875311222535236e-10,5.901462761744285e-09,8.724114548182724e-08,6.791168251975005e-10,6.317332494746106e-09,168.542172,140866.566,84.2715235,70432.4132
45,636.7065306332925,914.4256814524005,-303.8885396270431,2.2926550714950804,45,2.3744861260808827,319.701961,-325.941648,323.737101,652.107923,1116.46703,1116.461,0.0378507461,-0.0297626828,-0.710212468,-0.702338775,0.0388392118,-0.0497083076,0.703850518,-0.707541553,0.998516405,0.00794173803,-0.000387771023,0.0538680546,0.00488113787,-0.998288633,-0.0138762165,0.0565988466,-0.0194629903,0.999810578,0.999810578,0.0194629903,0.0799982313,-0.996795005,0.996795005,0.0799982313,9.93483623e-09,9.3469819e-10,0.436543373,4.89745895,4.89661685,-0.461733968,1.3955174537040563e-12,4.778781398355257e-13,1.0320358352782628e-07,4.237440651503765e-07,2.2985505343896255e-10,3.045010450045522e-11,6.509841589457202e-11,1.1958377854728173e-09,6.50922899710946e-11,4.835657594716985e-10,1.5681635969929564e-08,1.0779323543750704e-06,6.262591301190025e-10,6.256017356762789e-07,47.9924138,38650.6499,23.9963359,19325.09
46,878.4819024370689,361.19906325038,-305.73980277633325,1.484221479155031,46,0.3893125115639064,321.112179,-330.144265,328.298712,461.921657,898.334863,461.993226,0.00745179343,-0.0607748458,-0.711102422,-0.700417186,0.0322721148,-0.0951899002,0.702468308,-0.704581911,0.00930614986,0.993585691,0.0237020081,-0.110177515,0.999408013,-0.00572498547,-0.0176021442,0.0290002087,-0.0304538307,0.999536175,0.999536175,0.0304538307,0.159897554,-0.987133614,0.987133614,0.159897554,6.32002825e-08,1.96957635e-08,0.172717898,0.768734264,0.16830545,-0.670371615,1.871702584818388e-12,1.1948259359624295e-12,5.36585875712846e-09,5.05478833723502e-07,2.6102852824895764e-10,4.381457861375899e-12,1.709236332873175e-11,2.5004188016687715e-11,2.0201188738367803e-11,5.869277078716024e-10,7.475077923554544e-09,9.735816527130887e-08,6.805237600178843e-10,7.689460240697914e-09,159.406624,136892.666,79.7037326,68445.5019
47,636.4775561557825,352.29645539126875,-310.42279169121065,1.5996500095057946,47,0.4974611242620946,325.503537,-335.420751,332.693575,451.66104,652.071792,451.829562,0.017536256,-0.0910698447,-0.71213427,-0.695890469,0.039928393,-0.0953390346,0.701867694,-0.704767998,0.0215503317,0.991141546,0.00182851881,-0.131036923,0.998816192,-0.0159745814,-0.015594146,0.0432186187,0.00274449816,0.999996234,0.999996234,-0.00274449816,0.192971528,-0.981204357,0.981204357,0.192971528,1.00247513e-07,1.99439982e-08,0.138368686,0.322556219,0.133219136,-0.630560968,3.1034272148759465e-12,4.579521499053758e-13,4.9914686570612334e-09,1.0061693131802571e-07,2.8405542888609745e-10,8.894906727162643e-12,3.160684882798157e-11,1.8632754974995957e-11,3.344490529389554e-11,6.424113304718358e-10,6.422158250480854e-09,1.711830911825082e-08,7.418585269084159e-10,7.013886057903386e-09,120.805279,111142.482,60.4029818,55570.5994
48,446.92567870908175,959.8519580056744,-340.3556832834462,1.9110551023136093,48,2.156422275794506,357.516445,-364.171586,361.921258,459.907653,1170.22711,1170.22374,0.0935357576,-0.0216967628,-0.708982423,-0.698658884,0.0472913748,-0.0477771113,0.704210761,-0.7068013,0.994487845,0.00724263064,0.0332480415,0.0991768041,0.00291793625,-0.998596086,-0.0180470656,0.0497156579,-0.0253986296,0.999677403,0.999677403,0.0253986296,0.0703100958,-0.997525183,0.997525183,0.0703100958,1.3549427e-08,1.48388292e-09,0.0168695479,4.48938546,4.48666837,-0.542366721,3.4112097329952195e-11,2.6259077437950096e-12,1.7849594745473522e-08,5.403891780092201e-07,5.442069655077933e-10,3.904178839677518e-11,3.3779710188581366e-11,8.655531060250793e-10,9.295427354292339e-11,1.0372157718337335e-09,2.0668879573041544e-09,1.3835641319229159e-06,1.2577448459216411e-09,9.058509336558884e-07,85.7340628,64712.0667,42.8672837,32355.6563
49,477.448831737882,954.8290296648172,-315.00373790998,1.9974513249414825,49,2.316585455105211,331.27658,-337.769844,335.492755,490.562819,1164.12273,1164.11911,0.0648247243,-0.0231060265,-0.70988158,-0.70095079,0.0467568354,-0.0485672101,0.703974305,-0.707018531,0.996795677,0.00693778964,0.0132004165,0.0785874965,0.00315150525,-0.99852852,-0.0177220213,0.0511546016,-0.0249349842,0.999689075,0.999689075,0.0249349842,0.0723395136,-0.997380065,0.997380065,0.0723395136,1.20647202e-08,1.17921238e-09,0.0904871132,4.82643996,4.82400685,-0.521970716,9.552930250680828e-12,1.6468514070754533e-12,2.4752103759803005e-08,5.259071726750296e-07,3.105435869434419e-10,2.658536403954213e-11,2.7379228859540196e-11,9.582440866049336e-10,6.204440055866262e-11,6.333704008230766e-10,3.0443399782957393e-09,1.345734505547726e-06,7.84440261106169e-10,8.068985314295926e-07,66.4790706,56761.8253,33.2397284,28380.5782
50,533.9326692317612,837.2620480884846,-338.45411954258344,2.219415344349308,50,2.197180981444986,355.371309,-362.259653,359.860527,547.980123,1026.12777,1026.12235,0.0627194484,-0.0337659254,-0.71007824,-0.700510547,0.0419396844,-0.0518693344,0.703850895,-0.707208988,0.997137048,0.00931415261,0.0151218522,0.0735002302,0.00500413391,-0.998039419,-0.0124153226,0.0611403093,-0.0173483892,0.999849505,0.999849505,0.0173483892,0.0864606716,-0.996255265,0.996255265,0.0864606716,1.62518308e-08,1.6548276e-09,0.170455429,3.81506246,3.81415205,-0.475284318,9.82801809833715e-12,1.0887332309726374e-12,4.3188003446484944e-08,2.7762637813390206e-07,5.035137446996904e-10,6.048761512614247e-11,5.130837836886486e-11,8.980103862136319e-10,1.2351900276652773e-10,9.64589505120299e-10,5.766127268484339e-09,6.84959746624185e-07,1.2137373104144824e-09,4.667905428729554e-07,62.7781368,42278.2325,31.3892412,21138.8615
51,950.8311595218662,349.52957050009775,-301.47569383708003,1.4627031360525589,51,0.6482492190313578,316.6596,-325.766863,324.024754,447.884186,972.001884,447.951379,0.00607499066,-0.0607079999,-0.711125337,-0.700413012,0.0305707329,-0.0975661198,0.702389945,-0.704410851,0.0078989318,0.993365574,0.0254492198,-0.111869475,0.999482932,-0.00449738405,-0.0173624949,0.0266868068,-0.0325578616,0.999469852,0.999469852,0.0325578616,0.162525637,-0.986704321,0.986704321,0.162525637,6.58556698e-08,2.23306968e-08,0.145509755,0.924586418,0.141649666,-0.678358144,1.936997942964779e-12,1.5012740199195825e-12,4.5727367985604695e-09,7.507329544519206e-07,2.3526877418942196e-10,3.4376900849389354e-12,1.3793481927180393e-11,2.7364635343475004e-11,1.7245596818160382e-11,5.39302367642618e-10,6.219387345002319e-09,1.4869506667078958e-07,6.258013106309069e-10,6.47489026913051e-09,165.950444,141365.236,82.9756513,70681.7404
52,442.31675519306697,997.3960106016405,-341.0031878700968,1.7137603650798143,52,1.8244468246625127,358.532137,-364.742632,362.60721,455.078527,1214.23364,1214.22999,0.0778613524,-0.0161695909,-0.709056782,-0.700653006,0.0481086373,-0.0469499474,0.704496529,-0.706516739,0.995799375,0.00614279713,0.0214618761,0.0887989778,0.00260256913,-0.998747472,-0.0215060178,0.045102162,-0.0303110479,0.999540515,0.999540515,0.0303110479,0.0637717934,-0.997964508,0.997964508,0.0637717934,9.59668702e-09,9.80433815e-10,0.0102043374,4.57879571,4.57519792,-0.595336886,2.4692502971004794e-11,2.962844223701673e-12,1.6956462131854308e-08,6.509000755436906e-07,5.708893259867718e-10,2.4332103240098356e-11,2.214419432980743e-11,6.11805078652385e-10,6.830964930894103e-11,1.07497355252621e-09,1.9492316986784074e-09,1.6841590159007789e-06,1.27407661268339e-09,1.091326188628966e-06,115.549973,89980.7561,57.7753253,44989.8618
53,482.3863647815058,938.5112554189934,-340.8154401817126,2.1464074277208383,53,2.3453263572243346,357.837832,-364.602442,362.272127,495.840724,1145.15215,1145.14911,0.083900362,-0.0273122235,-0.709444106,-0.699216585,0.0446101422,-0.0478819959,0.70405177,-0.707126831,0.995469549,0.00778038425,0.0282899067,0.0904407158,0.00332276042,-0.998449209,-0.0141367247,0.0537428111,-0.0198530325,0.999802909,0.999802909,0.0198530325,0.0760140217,-0.997106749,0.997106749,0.0760140217,1.47599566e-08,1.54163241e-09,0.0677605012,4.5686636,4.56706076,-0.48969466,2.4504789262233878e-11,2.0171701648201557e-12,2.606694291641198e-08,4.840407699638385e-07,5.323611634842901e-10,5.7718496182365925e-11,4.553533782073236e-11,1.154919067480712e-09,1.2134572830652443e-10,1.0135295439694238e-09,3.229779342829868e-09,1.232749542574426e-06,1.2648993565683243e-09,8.140485750070275e-07,67.5108687,46373.7808,33.7556241,23186.6132
54,407.355627362432,996.1885090641372,-328.4965567449853,2.014739330047357,54,1.9071987213089256,344.593915,-351.874214,349.471015,420.174065,1212.73125,1212.72879,0.13985324,-0.0219920807,-0.707115755,-0.692780434,0.0501914147,-0.0465534077,0.703968026,-0.706924763,0.988895987,0.00807128946,0.0643164807,0.133727227,0.00257291705,-0.998641068,-0.0167247747,0.0492917752,-0.0235433876,0.999722816,0.999722816,0.0235433876,0.0697186436,-0.997566695,0.997566695,0.0697186436,2.09860753e-08,2.519827e-09,0.000253076543,5.04873939,5.04637988,-0.517985494,6.936832721204237e-11,2.9954157889303328e-12,1.1244261720636785e-08,6.468167483256235e-07,4.0669107348557757e-10,3.683661960733001e-11,3.914065328863622e-11,1.1344896975739874e-09,8.618560161539101e-11,8.221950852211237e-10,1.1880250808961636e-09,1.6728791034329291e-06,1.0104431423031639e-09,1.0406092564887977e-06,70.9880456,55411.3155,35.4942284,27705.3308
55,482.3863688631644,938.5112595694692,-320.5764824789377,2.1464074264457094,55,2.3420289670857253,336.851694,-343.561844,341.205199,495.655303,1144.93336,1144.9301,0.0727744705,-0.0266459272,-0.70989816,-0.70002748,0.0457282971,-0.0485666401,0.703868677,-0.707190985,0.996293921,0.00753277577,0.0195991187,0.0834119633,0.0033500851,-0.998436044,-0.0151446919,0.0537110968,-0.0212804508,0.999773546,0.999773546,0.0212804508,0.0759635425,-0.997110596,0.997110596,0.0759635425,1.42089432e-08,1.39862977e-09,0.097804721,4.7816439,4.77992465,-0.489782585,1.2919784793163024e-11,1.6196481373259268e-12,2.6054262647582755e-08,4.835159884282303e-07,3.441475946977991e-10,3.767101890226375e-11,3.59401035500487e-11,1.1252821330810015e-09,8.156865973641901e-11,6.934746715115238e-10,3.2282662204446726e-09,1.2315289565433062e-06,8.716555498040129e-10,7.583654080254019e-07,59.7308233,46321.5201,29.8655795,23160.4828
56,457.6291419051279,939.352160706096,-349.97467525657567,2.216130238064529,56,1.0109857867795269,366.914588,-374.152224,371.740123,471.081028,1146.1639,1146.16148,0.116588352,-0.028627855,-0.708216869,-0.695712921,0.0452474762,-0.047345194,0.704025806,-0.707148332,0.992143925,0.00874583303,0.0511567818,0.113828494,0.00320222777,-0.998429962,-0.0126299293,0.054477901,-0.0177222167,0.999842949,0.999842949,0.0177222167,0.077064631,-0.997026099,0.997026099,0.077064631,2.05396315e-08,2.40046039e-09,0.0195238236,4.55794497,4.55664827,-0.475897085,5.93420285786754e-11,2.5248797080394797e-12,2.0063809787415647e-08,4.863845241421316e-07,6.256069721113567e-10,7.56186331343332e-11,5.876903000284413e-11,1.2688619979579515e-09,1.5487839194523753e-10,1.1826351870962342e-09,2.369691754335078e-09,1.238390564263568e-06,1.4806194633242067e-09,8.415518564175155e-07,67.2935631,42460.9365,33.646967,21230.2126
57,732.3756996191427,361.690447967731,-310.9272019275396,1.4919827468492273,57,0.6231309234413115,326.459623,-335.660053,333.596261,462.570053,749.633004,462.664765,0.0103990805,-0.0643472653,-0.711249907,-0.699910607,0.0365282874,-0.094404385,0.702395128,-0.704552753,0.0141169747,0.993402711,0.0204933282,-0.11194547,0.99917879,-0.00991439984,-0.018565496,0.0346232966,-0.0256891997,0.999669978,0.999669978,0.0256891997,0.163104359,-0.986608822,0.986608822,0.163104359,6.92293623e-08,1.90283569e-08,0.1576147,0.47581001,0.153091932,-0.667536644,1.8687735972200156e-12,7.301745766602896e-13,5.498102834364998e-09,2.0351510813857586e-07,2.9513357371382244e-10,5.1981838209717925e-12,1.903710951534366e-11,1.574867084274754e-11,2.3505250617226133e-11,6.534371149429574e-10,7.496130889112884e-09,3.65502339262781e-08,7.535498559354557e-10,7.910308160792173e-09,161.00529,135203.164,80.5030725,67600.7662
58,732.4649904045558,342.49722099466305,-295.74903584657625,1.5004908796443668,58,0.5481667791368073,310.57489,-320.220611,318.06729,439.510191,749.653423,439.615404,0.0101900834,-0.0695692338,-0.711720138,-0.698935425,0.0370136308,-0.0992139177,0.701917884,-0.704342157,0.0137736277,0.992587662,0.0200983179,-0.11906334,0.999167874,-0.00929808642,-0.0190206962,0.0348614141,-0.0243920013,0.999702471,0.999702471,0.0243920013,0.173952847,-0.984753983,0.984753983,0.173952847,8.74376261e-08,2.44284995e-08,0.144830674,0.521574436,0.140255857,-0.664575911,1.842788750985111e-12,7.617302080472666e-13,4.245500357786569e-09,2.0367357631373663e-07,2.0180483839292806e-10,3.8482820848185315e-12,1.5928914102772532e-11,1.5777792765142236e-11,1.7595819261906284e-11,4.801929877355659e-10,5.508971845202629e-09,3.647548980619559e-08,5.556178169504696e-10,5.760142792258248e-09,142.018269,132849.17,71.009514,66423.786
59,453.4118041503078,912.8047753041888,-349.7624363599676,2.456569939952348,59,2.1582839860704155,366.089705,-373.945056,371.346844,467.059486,1114.9687,1114.96696,0.136287699,-0.0336233883,-0.707287307,-0.692849042,0.0448139296,-0.0476689145,0.703820322,-0.707358707,0.989649015,0.0103124454,0.0655640768,0.127239273,0.00349315032,-0.998243856,-0.00910882543,0.0584297131,-0.0127286047,0.999918988,0.999918988,0.0127286047,0.0826675089,-0.996577184,0.996577184,0.0826675089,3.08325188e-08,3.7593436e-09,0.0148992884,4.594175,4.59385997,-0.433558315,8.006730197123836e-11,2.3665858553363263e-12,1.9158092332681886e-08,4.2307852097654956e-07,5.937413316973548e-10,9.641647931960539e-11,7.32320910999482e-11,1.451486748866983e-09,1.8533896378670915e-10,1.144755714460642e-09,2.2365559384114944e-09,1.0685354965203862e-06,1.468856643954413e-09,7.327102111835265e-07,57.4458865,32240.7723,28.7230891,16120.1875
60,410.0558920088264,987.5872590121724,-309.7354595223649,2.1329407192737,60,2.1787197745060927,325.090863,-332.361236,329.861012,422.638315,1202.43068,1202.42839,0.117897656,-0.023971589,-0.708718667,-0.695157073,0.0509283528,-0.0471232881,0.703667854,-0.70713312,0.991715311,0.00796927726,0.0481610074,0.118818139,0.00268098356,-0.998569602,-0.0158088349,0.0510063114,-0.022244815,0.999752553,0.999752553,0.022244815,0.0721457251,-0.997394102,0.997394102,0.0721457251,2.09948803e-08,2.2521998e-09,0.0121314812,5.31124333,5.30929587,-0.492598789,3.48808274992789e-11,2.3296588972692782e-12,1.164242584676074e-08,6.194693383662485e-07,2.6207089525663636e-10,2.8996945236406788e-11,3.017950935617154e-11,1.2737200979298672e-09,6.524112922480529e-11,5.604588112363972e-10,1.2366136945918051e-09,1.5986657673567799e-06,7.03219680060773e-10,9.296566055185606e-07,56.4069802,47099.997,28.2036491,23549.7167
61,474.2206683153688,995.7003475554856,-309.73812925744994,1.955565127143709,61,2.3940463626419928,325.885346,-332.214505,329.966824,487.245848,1211.95893,1211.95563,0.0616933563,-0.0209287907,-0.709840502,-0.701343266,0.0474000863,-0.0473499145,0.70404271,-0.706990155,0.996964973,0.00638022178,0.010504805,0.0768751218,0.00282915157,-0.998638705,-0.0184383358,0.0487109802,-0.0259651632,0.999662848,0.999662848,0.0259651632,0.0688814511,-0.997624852,0.997624852,0.0688814511,1.06101992e-08,9.89826971e-10,0.0913961934,5.1934811,5.19081433,-0.531764675,8.153338467060371e-12,1.7109820888540783e-12,2.3920344569682384e-08,6.441360752133601e-07,2.764288286006779e-10,2.1846570520339388e-11,2.4077357684520306e-11,1.0090355755491804e-09,5.274814327470902e-11,5.717042781748527e-10,2.9310724909705228e-09,1.6676819266577209e-06,7.067297735696408e-10,9.664456558905136e-07,67.3314252,60340.6809,33.6659095,30169.9864
62,384.3930059683287,951.3706110968864,-331.0118590607973,1.562223545091319,62,1.7876614593735427,347.926485,-354.534144,352.286291,396.394495,1160.06078,1160.05634,0.116831061,-0.0124183438,-0.707839715,-0.696533721,0.0529757421,-0.0493169164,0.704417253,-0.706086218,0.991734326,0.00678059962,0.0458278439,0.119653075,0.00266461428,-0.998682958,-0.0256725614,0.0443415095,-0.0361996164,0.999344579,0.999344579,0.0361996164,0.0626850867,-0.998033356,0.998033356,0.0626850867,1.29719672e-08,1.39830378e-09,1.53657939e-05,4.15789606,4.15349669,-0.643052409,5.386903600833278e-11,3.439865754795625e-12,8.43914494670162e-09,5.179038034370105e-07,4.639006585444121e-10,1.1216289507356447e-11,1.8288889199629188e-11,3.0097303280078573e-10,4.2975707505172584e-11,9.155140302499221e-10,8.341314585207369e-10,1.3203442224160054e-06,1.064823138204594e-09,8.405696507869794e-07,150.337441,118891.724,75.169139,59445.168
63,437.3343621395888,884.0448162374324,-344.91698117542603,2.740057025229463,63,1.7437329105726518,360.106845,-368.909556,366.060753,451.213793,1080.9277,1080.92683,0.168669125,-0.0385807302,-0.705102143,-0.687672321,0.0452491909,-0.0481885438,0.703542311,-0.707572322,0.984626265,0.0126638664,0.0884756216,0.150076011,0.00378883504,-0.998012534,-0.00558999042,0.062652843,-0.00773873161,0.999970056,0.999970056,0.00773873161,0.0886560546,-0.996062299,0.996062299,0.0886560546,5.39044269e-08,7.14022396e-09,0.00369121514,4.66405499,4.66472493,-0.392089835,1.1545505840197251e-10,2.2476266375186975e-12,1.599971255697811e-08,3.617465623297461e-07,5.045467579354937e-10,1.0840055619639911e-10,8.514027487352402e-11,1.5716833950326687e-09,1.9956097470484012e-10,1.0183929787352955e-09,1.7994642435926534e-09,9.049434179110466e-07,1.3416863904250668e-09,6.182002652943125e-07,48.9058875,24414.925,24.4530547,12207.3089
64,701.7636749340226,339.7080403138941,-304.06064383357034,1.5154671343123205,64,1.1053118595266782,319.101453,-328.852454,326.525941,436.347844,718.450195,436.473709,0.0116328225,-0.0799789865,-0.711900531,-0.697614273,0.0377904937,-0.098450445,0.701934201,-0.704391771,0.0152534054,0.991867368,0.0120733825,-0.125780331,0.999101541,-0.0104879057,-0.0184457604,0.0366860751,-0.0118725552,0.999929519,0.999929519,0.0118725552,0.184766351,-0.982782476,0.982782476,0.184766351,9.22399841e-08,2.34188433e-08,0.106636752,0.445340412,0.102529569,-0.659163259,2.8034406245692877e-12,7.468044556576726e-13,4.111392436719516e-09,1.644373553877858e-07,2.4733421721040493e-10,5.122999763738322e-12,1.944982470306965e-11,1.5639793307227976e-11,2.30045553430398e-11,5.707495140664644e-10,5.258428154334601e-09,2.8915154746206927e-08,6.579855614897466e-10,5.753221153411355e-09,143.748719,129721.287,71.8747482,64859.8723
65,592.9172116912612,556.7403672269626,-163.79044733436345,1.1288636503503326,65,3.18684057287881,172.953278,-181.541125,179.498974,606.998252,692.166449,692.024984,0.00390608276,-0.00619046062,0.705815497,0.708357894,0.0506166831,-0.0863169433,0.704304666,-0.702810269,0.997878026,0.0450637098,-0.0357470251,0.0305099662,0.0407693474,-0.995228781,-0.0670937616,0.0579306646,-0.0930525035,0.995661203,0.995661203,0.0930525035,0.0801922161,-0.996779418,0.996779418,0.0801922161,4.74293484e-08,1.17987714e-08,0.584145664,2.71070856,2.70569089,-0.829429445,4.699016439798573e-17,3.3043031787256937e-15,7.491086593106534e-08,3.35051521639514e-08,5.110392836992245e-13,2.0901637950166486e-15,6.090798194920917e-13,4.308498519869458e-12,1.720727926646173e-14,6.814074676566109e-12,9.007350550363267e-09,8.167376466725256e-08,8.634459865676796e-12,1.7079785172445945e-08,443.491346,-3747389.28,221.746134,-1873698.29
66,425.9447000991234,968.2563646661235,-326.40152317140905,1.6642051001050282,66,1.934499383340433,343.345125,-349.663322,347.472407,438.352576,1179.9267,1179.92252,0.0728599541,-0.0152279388,-0.709257693,-0.701008604,0.0501761724,-0.0485942087,0.704369982,-0.706387913,0.996075444,0.0063056411,0.0164624164,0.0867348752,0.00273672127,-0.998682608,-0.0233547304,0.0456082808,-0.0329190081,0.999458023,0.999458023,0.0329190081,0.0644816652,-0.997918892,0.997918892,0.0644816652,1.04767749e-08,1.05093014e-09,0.00888739626,4.45479234,4.45085137,-0.610292817,1.73866503842257e-11,2.653379958455334e-12,1.4071393735517933e-08,5.636409333125059e-07,4.2051447742432183e-10,1.5310580691883293e-11,1.534152700309736e-11,4.709817650496879e-10,4.668223120727359e-11,8.270123216966018e-10,1.5553576608815098e-09,1.4457185029995145e-06,9.780224142567e-10,9.002743786469466e-07,116.285771,98232.9063,58.1432222,49115.888
67,443.0761924205891,825.1826669459275,-313.9692072867005,1.9930746330117115,67,2.198827013033888,329.846627,-337.096643,334.638605,455.787193,1011.80436,1011.79904,0.081558346,-0.0279649886,-0.710005792,-0.698897682,0.0488423133,-0.0541148935,0.703564896,-0.706882199,0.995461816,0.00925153889,0.023728274,0.0916905145,0.00429383647,-0.998100169,-0.0180327717,0.0587574282,-0.0252991709,0.999679925,0.999679925,0.0252991709,0.0830986422,-0.996541327,0.996541327,0.0830986422,2.09107587e-08,2.33300333e-09,0.0486173723,3.73130931,3.72893469,-0.522930725,1.5064594003485868e-11,1.49425446686401e-12,1.7134339109468416e-08,2.595098838396605e-07,2.998043181784236e-10,2.6030774657700986e-11,2.546630323654517e-11,6.151839908450227e-10,6.097981247876489e-11,6.262927555614165e-10,1.946646888769168e-09,6.345342991354842e-07,7.704845085903591e-10,3.9915594428823095e-07,66.3545846,57157.8475,33.1774852,28578.5873
68,453.4117406211287,855.2875844044919,-349.7623979000903,2.7552100138335427,68,1.7183798455696395,365.332047,-373.962197,371.078822,467.292839,1047.11224,1047.11108,0.150967691,-0.0412254032,-0.706481357,-0.690212514,0.0440575489,-0.0491319502,0.703556399,-0.707568638,0.987547303,0.0127825966,0.0766321458,0.136800744,0.00424416717,-0.99785927,-0.00447213503,0.0651065606,-0.00613634957,0.999981172,0.999981172,0.00613634957,0.0921289249,-0.995747087,0.995747087,0.0921289249,4.91618296e-08,5.97567899e-09,0.0162560456,4.38645895,4.38733374,-0.390052972,9.409416491116706e-11,2.0041631327909133e-12,1.917595160591375e-08,3.0796925654613844e-07,5.614843256771696e-10,1.204358118926441e-10,8.7045079333341e-11,1.451655773960304e-09,2.1886793423267448e-10,1.1078402907922777e-09,2.2224701173996115e-09,7.630850504744236e-07,1.4600212212215356e-09,5.353369361124788e-07,49.9913406,24092.7726,24.995783,12046.2346
69,500.0882221677478,968.6984733766388,-342.5485518767798,2.100771278373844,69,2.442486252023937,359.862957,-366.318571,364.078945,513.728757,1180.64269,1180.63965,0.0728948356,-0.025448685,-0.709535518,-0.700427052,0.0437340719,-0.0468573025,0.704199518,-0.707103078,0.996375348,0.00706209328,0.0210467134,0.0821177671,0.00313669801,-0.998552394,-0.0148129533,0.0516125282,-0.0208225709,0.999783187,0.999783187,0.0208225709,0.0729954388,-0.997332275,0.997332275,0.0729954388,1.16989905e-08,1.17861653e-09,0.08661453,4.75708209,4.75527972,-0.499139287,1.8449356720343543e-11,1.994436614178853e-12,3.115309444752938e-08,5.643554749789132e-07,5.587666109196562e-10,5.601353538686076e-11,4.4357922935961447e-11,1.1996918597507823e-09,1.193755221981915e-10,1.0499559340304764e-09,3.990354089646897e-09,1.4508271241620373e-06,1.3052128917538348e-09,9.533013862342294e-07,70.9900328,49246.7011,35.4952183,24623.0576
70,526.0336575942293,995.370927969584,-313.7634711630604,1.950166098557522,70,2.3409401794889506,330.236981,-336.292525,334.165286,539.792268,1211.62384,1211.62009,0.0472515226,-0.0210287612,-0.709754934,-0.702547521,0.0443355872,-0.0472561283,0.704205285,-0.707033331,0.997893967,0.00614373941,0.00237658873,0.0645308927,0.00304616638,-0.998642531,-0.0183630745,0.0486478608,-0.025855507,0.99966569,0.99966569,0.025855507,0.0687846791,-0.997631529,0.997631529,0.0687846791,8.51829303e-09,8.07131961e-10,0.169580261,5.1379523,5.13534244,-0.53302223,4.427579836318706e-12,1.3552003637355289e-12,3.9981248568790054e-08,6.427263764748854e-07,3.060252719700294e-10,2.3669660903328632e-11,2.8855426768181468e-11,1.0033688534748181e-09,5.682589199996165e-11,6.19218890231139e-10,5.348771000829206e-09,1.6656162110868702e-06,7.65921977533926e-10,9.801365309672078e-07,69.5245071,60852.445,34.762457,30425.8658
71,443.1712706200374,968.9160837433284,-328.72448458281053,2.6267931532624145,71,2.134545714780065,344.121992,-351.925662,349.270489,456.539156,1180.42258,1180.42149,0.130930822,-0.0322698487,-0.707911061,-0.693309243,0.0461847749,-0.0458622067,0.7036234,-0.707585851,0.99031052,0.00945666018,0.0608067055,0.124491729,0.0030266748,-0.998381634,-0.00886485717,0.0560924871,-0.0124152414,0.999922928,0.999922928,0.0124152414,0.0793572558,-0.99684624,0.99684624,0.0793572558,2.9844676e-08,3.3630376e-09,0.0371597104,5.44326911,5.44329165,-0.407778321,5.424766089077569e-11,2.1966190521034563e-12,1.7102466389525878e-08,5.638689868684626e-07,3.7374049248886694e-10,7.174980773976507e-11,5.916509135966822e-11,1.8880259253940474e-09,1.3656325614174426e-10,7.638983086469817e-10,1.961767239449587e-09,1.4489836914268625e-06,1.0053915924375636e-09,9.095632038285096e-07,46.5996274,27123.3438,23.2999244,13561.5024
72,870.5419905964096,389.0606053253738,-340.3945251677307,1.9211915872814216,72,-0.1787617860162949,355.656764,-365.729099,361.978624,496.729563,890.276696,496.913901,0.0170630574,-0.129772311,-0.711028385,-0.69087382,0.0308270053,-0.0855468148,0.702345494,-0.706004423,0.0115653489,0.987824693,-0.0326460213,-0.151666921,0.999312159,-0.00657759709,-0.00914761965,0.0353308045,0.0522290174,0.998635133,0.998635133,-0.0522290174,0.22190346,-0.975068641,0.975068641,0.22190346,1.08667552e-07,1.04621734e-08,0.224746309,0.752732958,0.216467619,-0.539677809,1.3619514799116605e-11,1.2795504500454422e-12,7.69256552910915e-09,4.826751608640203e-07,5.174420690904728e-10,4.1202995085100394e-11,1.1459902865612758e-10,1.121412312083646e-10,1.0808724012312406e-10,1.0698986520292302e-09,1.1374177405331442e-08,9.298683850872438e-08,1.2649582647932015e-09,1.2496788123974073e-08,84.6925457,63916.6123,42.346522,31957.9345
73,948.4233479841956,350.52866336396875,-300.45226021544136,1.4477023803711129,73,0.4186992963587106,315.639423,-324.697693,323.013772,449.052974,969.546438,449.11551,0.00577445204,-0.0565568663,-0.710959821,-0.700930888,0.0306679576,-0.0976005463,0.702434671,-0.704357255,0.00790365234,0.993607006,0.0284500799,-0.108964413,0.999481698,-0.00453568086,-0.0176708517,0.0265236544,-0.0371159694,0.999310965,0.999310965,0.0371159694,0.158096692,-0.987423636,0.987423636,0.158096692,6.41640637e-08,2.24610317e-08,0.150928641,0.92043532,0.147089592,-0.684003197,1.6388563196016101e-12,1.4660864862744056e-12,4.635013800063818e-09,7.412659984594453e-07,2.299861608751014e-10,3.0110815683507994e-12,1.2253735933979144e-11,2.4359403805873883e-11,1.584971668388714e-11,5.287111737235526e-10,6.320002371463643e-09,1.4669360895143692e-07,6.133156496932824e-10,6.531638899054779e-09,173.298605,144322.214,86.6497442,72160.1944
74,406.31361662650977,942.996810884831,-320.4314849785071,1.6166055228091836,74,1.4216662729022664,337.085891,-343.550114,341.309088,418.415545,1150.1855,1150.18089,0.0779077283,-0.0142654728,-0.709218675,-0.700525341,0.0520301905,-0.0498819114,0.704297937,-0.706235846,0.995597929,0.00656162207,0.0187619868,0.0915952831,0.00282985355,-0.998631682,-0.0249253843,0.0458855187,-0.0351348541,0.99938258,0.99938258,0.0351348541,0.0648692387,-0.997893773,0.997893773,0.0648692387,1.17346448e-08,1.18802561e-09,0.000331418287,4.26637623,4.26214555,-0.625232724,1.870284143925181e-11,2.6693058859956627e-12,1.1141982162693885e-08,4.958727719354894e-07,3.691234242785378e-10,1.1295245394584876e-11,1.2621396560720299e-11,3.6393648684764955e-10,3.7571650500805195e-11,7.430945624686291e-10,1.1703665118124217e-09,1.2615643886682473e-06,8.743163312144323e-10,7.756283436117695e-07,123.877235,107243.216,61.9389708,53620.9883
75,966.4139361095628,333.546789296255,-302.04587625359704,1.5236268619295852,75,1.1839008905026442,316.950344,-326.539309,324.435791,429.046237,987.858765,429.150368,0.00704803691,-0.0858013692,-0.711914268,-0.69696953,0.0300869908,-0.0997351385,0.702022945,-0.704493761,0.00785246186,0.99129892,0.00894329679,-0.131090839,0.999491589,-0.00418080112,-0.0161826142,0.0271515542,-0.0066052536,0.999978185,0.999978185,0.0066052536,0.192353546,-0.981325692,0.981325692,0.192353546,8.4877335e-08,2.44695718e-08,0.0911560017,0.966632923,0.0874170709,-0.656294742,4.2136050827606645e-12,1.7584689190084671e-12,3.6729133350723977e-09,8.142906830125043e-07,2.3453049607465635e-10,5.081101123125539e-12,1.988143101332472e-11,4.152388775867589e-11,2.2751700909515002e-11,5.440188976059991e-10,4.7811858133055315e-09,1.6210781282636372e-07,6.318381025650671e-10,5.236327952112785e-09,138.638408,127832.365,69.3195809,63915.4257
76,451.2676450848609,964.4052442905668,-327.79925612028154,1.878834265517072,76,2.356545172241386,344.609535,-351.107815,348.865718,464.130412,1175.45125,1175.44766,0.0773707557,-0.0205989063,-0.709459882,-0.700182924,0.0478842358,-0.0481132721,0.704163089,-0.706786076,0.995847571,0.00683423285,0.021317415,0.0882410132,0.00291229349,-0.998606074,-0.0191464933,0.049100295,-0.0269566927,0.999636602,0.999636602,0.0269566927,0.0694339996,-0.997586547,0.997586547,0.0694339996,1.20664399e-08,1.23808202e-09,0.0376041367,4.63355352,4.63061984,-0.550474773,1.8615035336278238e-11,2.271527826450933e-12,1.8726966118217853e-08,5.525822479839257e-07,4.204815912267107e-10,2.8148310842355284e-11,2.563816686012245e-11,8.121089389273349e-10,6.928820654069118e-11,8.254762543868163e-10,2.189187315554295e-09,1.416862930497693e-06,1.0020031094251782e-09,8.87797649601458e-07,82.859511,67992.9561,41.4299999,33996.0828
77,678.0077740508409,870.9751374639578,-330.34963435300466,2.3908071475783634,77,2.2507099591161714,347.159838,-353.493253,351.237757,694.185768,1065.61104,1065.6027,0.0381228402,-0.0347553931,-0.710129153,-0.702178965,0.0360382933,-0.050241192,0.703988016,-0.707515326,0.998602762,0.00949395923,0.00177206168,0.0519542974,0.00635727395,-0.998087045,-0.0106920087,0.0605600198,-0.014925446,0.999888609,0.999888609,0.014925446,0.0855673682,-0.996332387,0.996332387,0.0855673682,1.07109083e-08,9.91200981e-10,0.476166692,4.3509299,4.35102726,-0.444444227,1.6703480885218895e-12,4.0049670023868964e-13,1.4134174335928312e-07,3.3363113167817426e-07,4.1780716594042936e-10,6.095221728912881e-11,9.271476867384647e-11,1.171512887773469e-09,1.2052849082659033e-10,8.076311449545345e-10,2.2157186560695548e-08,8.405409757179463e-07,1.0454630404110653e-09,5.480583242224916e-07,53.2346474,34605.7441,26.6174621,17302.66
78,610.0947578909556,781.8624053580169,-320.7095270879192,2.309965183150389,78,2.211391407686123,336.893466,-343.815214,341.378229,625.138262,960.693198,960.682241,0.0439673938,-0.0383547707,-0.710503584,-0.701270588,0.0391460288,-0.0549384152,0.703591257,-0.707395718,0.998236208,0.0115160552,0.00379027501,0.0581161476,0.00767652391,-0.997686355,-0.01138568,0.0665835918,-0.0158293465,0.999874708,0.999874708,0.0158293465,0.0940729615,-0.995565306,0.995565306,0.0940729615,1.67143365e-08,1.65110784e-09,0.354807855,3.60806545,3.60816999,-0.458503959,2.0727337469232326e-12,3.952653054751922e-13,8.38285759071957e-08,1.9754705478469762e-07,3.384259446073018e-10,4.602657044770773e-11,6.337936732611391e-11,7.84175637587345e-10,9.382903104351653e-11,6.832584908523941e-10,1.2177413273298314e-08,4.809522498982158e-07,8.741840186643087e-10,3.156664762681829e-07,52.8263267,37927.0344,26.4133046,18963.2866
79,454.79001851967416,972.3365186285362,-342.6181109011343,1.973134133499301,79,2.0011562073293936,359.825901,-366.480139,364.223184,467.914435,1184.88747,1184.88442,0.0939338301,-0.0226866824,-0.708972033,-0.698584574,0.0465250229,-0.0470768193,0.704211752,-0.706898156,0.9944866,0.00723139249,0.0340692441,0.0989110558,0.00287422842,-0.998607428,-0.0168449158,0.0499118537,-0.0237017889,0.999719073,0.999719073,0.0237017889,0.0705906475,-0.997505369,0.997505369,0.0705906475,1.35421337e-08,1.47020278e-09,0.024063497,4.64042911,4.6380102,-0.52746762,3.5114668672800304e-11,2.6133553390805966e-12,1.9458128846237592e-08,5.752050537545531e-07,5.652681975069403e-10,4.58621718493044e-11,3.81530279512162e-11,1.0052896896272871e-09,1.0477992336422246e-10,1.0706311646704878e-09,2.2919428846260306e-09,1.4785333111840248e-06,1.3078120237335446e-09,9.70981333645544e-07,80.7635791,58925.4012,40.3820253,29462.355
80,725.7320893731819,888.7684312479586,-328.87517795746885,2.1577866778162496,80,2.152314760147636,345.931013,-351.908398,349.899563,742.750781,1086.62828,1086.61819,0.0292825371,-0.0296155891,-0.709810779,-0.703160087,0.0349886501,-0.0502548052,0.704234533,-0.707321689,0.998936755,0.00923343627,-0.00376378294,0.0450104086,0.00660958826,-0.998254534,-0.014429644,0.0568857067,-0.0202113499,0.99979573,0.99979573,0.0202113499,0.0803409762,-0.996767439,0.996767439,0.0803409762,8.00666361e-09,8.56169613e-10,0.518830215,4.2778538,4.27701745,-0.487431077,7.766615995411858e-13,3.0618530108876835e-13,1.9827856821241907e-07,3.676296904725831e-07,4.197987872374806e-10,4.549832835505394e-11,8.749449714442119e-11,9.847509810266175e-10,9.662392645827894e-11,8.075337676774573e-10,3.233954565927341e-08,9.338957825847341e-07,1.0215167327640787e-09,6.010192893133064e-07,62.2639733,45674.3136,31.1321611,22836.8833
81,500.1946074797133,990.7947278818216,-314.57359765974985,2.064207751120968,81,2.3518842631745334,330.881907,-337.194876,334.953385,513.614952,1206.3409,1206.33772,0.0596230005,-0.0232485434,-0.709893548,-0.701395575,0.0453240418,-0.0470650279,0.704035436,-0.707152543,0.997186989,0.00652330514,0.0104953652,0.0739283691,0.00298981573,-0.998599937,-0.0165862137,0.0501410375,-0.0233413515,0.999727554,0.999727554,0.0233413515,0.0709064956,-0.997482967,0.997482967,0.0709064956,1.04919768e-08,9.78177883e-10,0.138759929,5.21440401,5.21227143,-0.507084033,7.681116423471072e-12,1.5354783278400989e-12,3.115116195639425e-08,6.289152312281334e-07,3.054616494276188e-10,2.921899533574125e-11,3.188955589874813e-11,1.1822520298519726e-09,6.618915000433176e-11,6.208176552507279e-10,3.9961211810385715e-09,1.6271353680557947e-06,7.768506787030144e-10,9.62240425394794e-07,61.9521918,51662.1543,30.9762735,25830.7705
82,453.411806854152,980.9553236434202,-349.7624379075119,2.456569939952348,82,0.6903230025813152,366.21142,-373.814166,371.303356,467.070526,1194.8862,1194.88484,0.13662014,-0.0303831154,-0.707122161,-0.693101762,0.0448394662,-0.0452306938,0.703959705,-0.707378499,0.989603868,0.00919306346,0.0657540855,0.127577707,0.00292289141,-0.998472102,-0.0097664523,0.0543096206,-0.0136915052,0.999906267,0.999906267,0.0136915052,0.0768332036,-0.99704396,0.99704396,0.0768332036,2.61440352e-08,3.171419e-09,0.0149962048,5.17684702,5.17639086,-0.433571554,8.302922115940835e-11,2.6999187549435708e-12,1.913554122239092e-08,5.996144104895897e-07,5.953506746158558e-10,9.615075140216548e-11,7.36402456704468e-11,1.7897151824576276e-09,1.8481665326872385e-10,1.1417026518592352e-09,2.246353535196867e-09,1.546144314846316e-06,1.468383778575717e-09,1.0354043332786082e-06,57.4458871,32237.1194,28.7230894,16118.3611
83,420.85244479858346,978.7975754535366,-333.52135648051745,1.8556204453755565,83,2.2152651983647287,350.325772,-357.093023,354.808699,433.524903,1192.37832,1192.37509,0.108766825,-0.0196086874,-0.708481338,-0.697021859,0.0494754751,-0.0474586628,0.704181111,-0.706702777,0.992831684,0.00721267581,0.0425764237,0.111447176,0.00268376905,-0.998654671,-0.019245907,0.0480753621,-0.0271048867,0.999632595,0.999632595,0.0271048867,0.0679882723,-0.99768612,0.99768612,0.0679882723,1.46741011e-08,1.62389498e-09,0.000471390114,4.66462891,4.66159427,-0.556386043,4.434585346122738e-11,2.924970523384814e-12,1.3240042320758475e-08,5.941002643874157e-07,4.719605805062241e-10,3.022149537166195e-11,3.017501031728934e-11,8.147392890429307e-10,7.644175733039694e-11,9.223520099380296e-10,1.4457941539604704e-09,1.5288275433435946e-06,1.1120899990095474e-09,9.727215578751923e-07,88.4860205,70591.1525,44.2432716,35295.167
84,450.5502356495916,956.2161470661252,-307.0730285796443,1.9975523320997508,84,2.351123790152852,322.90174,-329.577939,327.224573,463.291723,1165.6105,1165.60708,0.073575053,-0.0227629024,-0.709912316,-0.700066472,0.0488625572,-0.0487779981,0.703828942,-0.707006349,0.996087336,0.00711151982,0.0179660025,0.0862361157,0.00302996485,-0.998524904,-0.0180705923,0.051110562,-0.0254306162,0.99967659,0.99967659,0.0254306162,0.0722799782,-0.997384382,0.997384382,0.0722799782,1.38397025e-08,1.34527366e-09,0.068467889,4.9266342,4.92412229,-0.521966036,1.1512139354516162e-11,1.7498845354100375e-12,1.8572798569674453e-08,5.29514543023693e-07,2.5604775833456563e-10,2.2181711165566032e-11,2.3810498179349875e-11,9.534987833472306e-10,5.263821638218068e-11,5.399739698558855e-10,2.165239901585511e-09,1.3547688516623087e-06,6.697135580610432e-10,7.871438467880099e-07,63.1669471,56742.0465,31.583657,28370.6888
85,443.076200245864,979.9877971837084,-313.9692114299056,1.99307463213937,85,2.286425608070408,330.046765,-336.715284,334.373831,455.803626,1193.55657,1193.55352,0.0819353024,-0.0220858581,-0.709648526,-0.699426759,0.0489116559,-0.0476664944,0.703927794,-0.70698035,0.995432731,0.00698594908,0.0238740005,0.0921678233,0.00281694246,-0.998594671,-0.0177387198,0.0498606654,-0.0249709079,0.999688178,0.999688178,0.0249709079,0.0705146977,-0.99751074,0.99751074,0.0705146977,1.37330631e-08,1.35026501e-09,0.0491649595,5.04819752,5.04569258,-0.522980562,1.6752987034571703e-11,2.0597073379544958e-12,1.7094886910651827e-08,5.966705131801652e-07,3.013442640333889e-10,2.5786311794716138e-11,2.574368505664896e-11,1.0273636591557789e-09,6.072489025572211e-11,6.209853176123719e-10,1.963864197090904e-09,1.5370430413556529e-06,7.677329346203045e-10,9.106512361477845e-07,66.3545872,57121.7366,33.1774865,28560.5319
86,567.4102466789107,577.8546893633934,-155.80560956502688,1.2096100878919789,86,2.8274721786598502,164.766937,-173.317684,171.202196,581.093885,717.263327,717.17808,0.000301093219,-0.000429871589,0.707011318,0.707202037,0.0529517405,-0.0847883373,0.703622702,-0.703507032,0.998284661,0.0294146376,-0.0360024731,0.0355856213,0.0249751461,-0.995964624,-0.0612691669,0.0606366151,-0.0851100645,0.996371556,0.996371556,0.0851100645,0.0851100645,-0.996371556,0.996371556,0.0851100645,4.6392149e-08,1.07694996e-08,0.557288379,2.99614084,2.99791931,-0.788723146,5.307987018953978e-19,7.741730975852079e-15,5.929733153397054e-08,4.271272758035841e-08,2.3074980472608465e-13,6.07971862088849e-18,3.0195514640953533e-15,2.661902352476202e-14,2.4174155170161083e-14,4.418121247694797e-12,7.483553654079048e-09,9.816017367220621e-08,5.710783810045929e-12,1.751297921737955e-08,165.130868,-375450.973,82.5656906,-187727.646
87,444.07391691422094,789.9694774840946,-330.4929389077042,1.893515095259861,87,1.4930606484888564,347.090639,-354.351985,351.964949,456.88803,970.49982,970.493294,0.0852847323,-0.0278191323,-0.709684528,-0.698785004,0.0480379254,-0.0554287226,0.703746921,-0.70665429,0.995186703,0.00979522037,0.0269382786,0.0937113091,0.004722162,-0.998026957,-0.0190386829,0.0596441405,-0.0266902676,0.999643751,0.999643751,0.0266902676,0.0843507057,-0.996436129,0.996436129,0.0843507057,2.10426178e-08,2.55410797e-09,0.0255601101,3.16442904,3.16174475,-0.54668983,2.1720880006849945e-11,1.637696068353602e-12,1.7342816075209362e-08,2.1032082837212183e-07,4.411579863688057e-10,3.105170806361605e-11,2.7462951165013687e-11,4.680995677324038e-10,7.539787364378465e-11,8.749118816507599e-10,1.969212178686612e-09,5.067340494600188e-07,1.056950919352881e-09,3.442477663829122e-07,82.6412948,66532.7079,41.320891,33265.9671
88,573.9724612572816,956.2947176318672,-311.6207564533066,2.2084996430245165,88,2.3004664347505543,327.801731,-334.023381,331.812882,588.437224,1165.75521,1165.75114,0.0460544877,-0.0269139438,-0.710065147,-0.702112606,0.041409436,-0.0480316106,0.703973263,-0.707389474,0.998073259,0.00697954368,0.00361253827,0.0615467772,0.00374339558,-0.998458757,-0.0146997583,0.0533855235,-0.0206542505,0.999786678,0.999786678,0.0206542505,0.0754831996,-0.997147074,0.997147074,0.0754831996,9.77774958e-09,9.04243802e-10,0.291548488,5.09694747,5.095556,-0.477496177,3.297834940592361e-12,8.903388213442635e-13,6.162649533067144e-08,5.283520277047905e-07,2.8018025314394237e-10,3.316154982519668e-11,4.8219293663789114e-11,1.266195620725497e-09,7.153114471547768e-11,5.732450541281084e-10,8.773480934834271e-09,1.3566074821332547e-06,7.321586928132996e-10,8.013365343503763e-07,53.6671127,42793.4235,26.8337045,21396.4538
89,518.8523954706288,972.264816105835,-339.9986704894211,2.0161179918780605,89,2.31305579908859,357.416788,-363.631645,361.477145,532.682375,1184.82085,1184.81734,0.0599293228,-0.0237088259,-0.70961721,-0.701633653,0.0431614182,-0.0470536913,0.704293933,-0.707031186,0.997263992,0.00664311629,0.0122136306,0.0726032063,0.00317766688,-0.99858886,-0.016257243,0.0504568505,-0.0228666349,0.999738524,0.999738524,0.0228666349,0.071352588,-0.997451156,0.997451156,0.071352588,9.68551316e-09,9.64533498e-10,0.118979597,4.71867284,4.71651104,-0.517603454,1.1324904883064949e-11,1.7850780460574989e-12,3.7389540170453004e-08,5.74366027902615e-07,5.391847262105061e-10,4.6698334605790806e-11,3.9386996307372584e-11,1.073042702831508e-09,1.0351109096934493e-10,1.0131572001088489e-09,4.940307006775109e-09,1.478543541207982e-06,1.2494627222068381e-09,9.622101265432278e-07,75.9372991,55356.3419,37.9688696,27677.8446
90,418.95842538325854,986.628764350458,-325.59385454027176,2.3098238088194485,90,1.7822836585296074,341.128146,-348.786228,346.247741,432.037304,1201.35019,1201.34851,0.141203408,-0.0271162484,-0.707250253,-0.692187393,0.0487317478,-0.0461627529,0.703727449,-0.707291944,0.988776673,0.00891425568,0.0663518576,0.133561442,0.00273974804,-0.998526036,-0.0127353168,0.0526883301,-0.0178956612,0.99983986,0.99983986,0.0178956612,0.0745343427,-0.997218447,0.997218447,0.0745343427,2.70410937e-08,3.25377906e-09,0.00297886027,5.315204,5.31405637,-0.458591505,6.452142286892019e-11,2.5895001895425964e-12,1.2932467539920797e-08,6.165008225185013e-07,3.634289410949325e-10,5.1007169369971335e-11,4.782224155446724e-11,1.5631400317730837e-09,1.0575167821720629e-10,7.485539466637005e-10,1.4058092957649535e-09,1.5910439423538737e-06,9.525806774894123e-10,9.824530477447545e-07,54.4528228,37904.8387,27.226557,18952.1887
91,500.0882191322665,903.8454063731676,-346.24431265319475,2.100771278373844,91,2.37739244230594,363.597975,-370.291392,367.999446,513.755157,1104.58083,1104.577,0.0746313278,-0.0281821013,-0.709600521,-0.700073592,0.0435241305,-0.0491593506,0.704097989,-0.70706084,0.996253889,0.00800891828,0.0224513892,0.0831262965,0.0037421632,-0.998361149,-0.0144588507,0.0552444857,-0.0202885326,0.999794167,0.999794167,0.0202885326,0.0781335202,-0.996942904,0.996942904,0.0781335202,1.40297093e-08,1.48569668e-09,0.0811141762,4.17019944,4.16851956,-0.499111129,1.960596332603453e-11,1.7916766493905985e-12,3.1185134208767913e-08,4.0345078340439906e-07,6.009830126329222e-10,6.04590905276016e-11,4.6071260444031586e-11,9.849377060424642e-10,1.2805487957443942e-10,1.1244060944477607e-09,3.976747222227177e-09,1.0166658158239188e-06,1.393534343276873e-09,6.915549656976423e-07,72.5301205,49264.7142,36.2652666,24632.0641
92,457.6291458356282,939.352168305274,-307.2075747568591,2.216130238064529,92,2.2243255389477405,322.724599,-329.6946,327.224757,470.544839,1145.77788,1145.77501,0.0816902212,-0.0272691079,-0.710004699,-0.698910889,0.0477551701,-0.0487889978,0.703612998,-0.707296137,0.995507691,0.00784170631,0.0245577593,0.091103578,0.00325411966,-0.998405998,-0.0147983923,0.0543680163,-0.0207934131,0.999783794,0.999783794,0.0207934131,0.0768974438,-0.997039008,0.997039008,0.0768974438,1.71651005e-08,1.66582629e-09,0.0877742102,5.00428558,5.00275224,-0.476073434,1.3712451706822586e-11,1.5855334921448698e-12,2.006531047373527e-08,4.854477694993987e-07,2.4750287212828783e-10,3.038736976385266e-11,3.1954255131222986e-11,1.202137403069568e-09,6.588989431250733e-11,5.263267214062824e-10,2.3694039532017007e-09,1.2362414081746362e-06,6.690916755678952e-10,7.22824084970619e-07,51.8518364,42365.4375,25.9260609,21182.4631
93,544.5039800744264,891.8967305769623,-337.5889249190471,2.033067994975313,93,2.3538138262792545,354.85455,-361.24515,359.0615,558.672176,1090.42572,1090.42056,0.0521536669,-0.0270901093,-0.70983553,-0.70191142,0.0419911998,-0.0501568695,0.704144092,-0.70703757,0.997747043,0.00772149736,0.00753696079,0.0662148911,0.00419204741,-0.998344025,-0.0160565339,0.0550801376,-0.0225387991,0.999745969,0.999745969,0.0225387991,0.0778802818,-0.996962718,0.996962718,0.0778802818,1.11582844e-08,1.16926608e-09,0.167916984,4.08270438,4.08078512,-0.51379228,6.940033372573815e-12,1.2254800051164725e-12,4.7545966555254704e-08,3.776001762024173e-07,5.113710333589254e-10,4.5827044703004425e-11,4.167764709982539e-11,8.520225812445047e-10,1.0073598052814709e-10,9.700155467448929e-10,6.4873105077499165e-09,9.491775309516761e-07,1.1983745312725311e-09,6.305039621380903e-07,73.5751699,54054.4344,36.7877974,27026.898
94,689.7093996680484,329.96985185662265,-302.41530056935443,1.460960201732585,94,0.8679493711593677,317.472032,-327.232802,325.058297,424.540616,706.188259,424.65883,0.0100035045,-0.0737997794,-0.711721744,-0.698502456,0.0383856267,-0.100424993,0.701945317,-0.704069696,0.0152832239,0.992147411,0.017895647,-0.122840077,0.99909604,-0.0105796418,-0.020116587,0.0359234948,-0.0199213931,0.999801549,0.999801549,0.0199213931,0.180794022,-0.983520982,0.983520982,0.180794022,9.27605375e-08,2.61080327e-08,0.0730920424,0.421371114,0.0687455135,-0.679004449,2.4462360884652504e-12,7.744007059024985e-13,3.5867964291368197e-09,1.5085921618815117e-07,2.3939496911399154e-10,3.51395469264573e-12,1.3619252880328734e-11,1.0592719984352913e-11,1.8713050506349883e-11,5.563818775151353e-10,4.45344195225816e-09,2.6273118812467198e-08,6.390504711148256e-10,4.98292918851058e-09,167.943587,141752.022,83.9722273,70875.1297
95,766.7487056832014,356.87824047333146,-322.2258488016418,1.4936791049536282,95,1.5324587645822585,338.112028,-347.28882,345.180828,457.020308,784.660601,457.11964,0.00983751595,-0.0742251614,-0.711318987,-0.698869908,0.0350226665,-0.0937040085,0.702524541,-0.70459367,0.0124227238,0.992794459,0.0129770357,-0.118475458,0.999260883,-0.00832741081,-0.0177810232,0.0330481073,-0.0138318237,0.999904336,0.999904336,0.0138318237,0.173379626,-0.984855068,0.984855068,0.173379626,6.83622534e-08,1.81969767e-08,0.104224204,0.509884165,0.100650958,-0.666833811,3.441789570929055e-12,1.0108494261353465e-12,5.137883550989291e-09,2.561984883706292e-07,3.8209532654206583e-10,6.74076391236634e-12,2.2507791908785905e-11,1.8649136657448092e-11,3.100155241988647e-11,8.137553873015757e-10,6.978731984788511e-09,4.6793347664299766e-08,9.354024070501741e-10,7.763672848037122e-09,172.038294,135180.64,86.0196048,67589.5077
96,855.643035037494,390.61706887868127,-334.63975886930115,1.7960445962861131,96,-2.261627593363135,350.293122,-359.815544,356.745307,498.123044,875.12217,498.264421,0.0151988917,-0.107491755,-0.711464146,-0.694286169,0.0315941195,-0.0865697861,0.702453217,-0.705738593,0.0113425758,0.990405979,-0.0158947889,-0.136801674,0.999320845,-0.00686956867,-0.011207248,0.0344246327,0.0273138997,0.999626906,0.999626906,-0.0273138997,0.199575755,-0.9798824,0.9798824,0.199575755,8.20223398e-08,1.14980504e-08,0.240363333,0.706156476,0.223287067,-0.571960807,8.241009446640474e-12,1.145146962146189e-12,7.834577281965758e-09,4.428376367319822e-07,4.744141924455158e-10,2.784227714193494e-11,8.264090935929201e-11,8.12218533592461e-11,7.835768085751362e-11,9.808799464688948e-10,1.1613218907145356e-08,8.475686507806511e-08,1.15221241948413e-09,1.245118337551984e-08,97.0911553,78193.2865,48.5458647,39096.194
97,440.2141420827618,976.628237295793,-351.03006302123737,1.91470484447195,97,1.2902447578428158,368.466576,-375.238587,372.999603,453.312321,1190.013,1190.00997,0.113605239,-0.0214231688,-0.708077144,-0.696607247,0.0470417866,-0.0468194669,0.70430406,-0.706789076,0.992407828,0.00745018805,0.0477200987,0.113110524,0.00276110838,-0.998645823,-0.0174740237,0.0489239688,-0.0245946021,0.999697507,0.999697507,0.0245946021,0.0691936979,-0.997603244,0.997603244,0.0691936979,1.47057267e-08,1.72198679e-09,0.000576612365,4.51650067,4.51385048,-0.541436454,6.166033737089534e-11,3.124357009187214e-12,1.6540482722815476e-08,5.880495786468261e-07,6.708033233542235e-10,4.8543112444066976e-11,4.355821239816061e-11,9.291802113325664e-10,1.1515247735525515e-10,1.2520240729094359e-09,1.8896916207457857e-09,1.5128261610325073e-06,1.5133570337852319e-09,1.0184247767725063e-06,90.7858366,64379.8823,45.3931854,32189.5661
98,409.7535286065788,975.3037215507214,-307.2679428365571,2.042605736304387,98,2.1034259521502894,322.716228,-329.838001,327.369162,422.203261,1188.0137,1188.01099,0.108058833,-0.0227716799,-0.709115575,-0.696390581,0.0514071501,-0.0479106631,0.703699259,-0.707014304,0.992810694,0.00771745103,0.0407916703,0.112264897,0.00274227896,-0.998562196,-0.0172769784,0.050670761,-0.0243175024,0.999704286,0.999704286,0.0243175024,0.0716665117,-0.99742865,0.99742865,0.0716665117,1.89786597e-08,1.97810801e-09,0.0149626039,5.13741691,5.13506719,-0.511847998,2.7996319500961428e-11,2.2525396147281424e-12,1.160497789539633e-08,5.830694431611382e-07,2.515895542150827e-10,2.401246884286724e-11,2.5623035390062816e-11,1.0835786633278398e-09,5.632720947398377e-11,5.395886490153673e-10,1.2306926005094895e-09,1.4992083218695763e-06,6.706202351566068e-10,8.666776849424041e-07,60.3715803,53210.994,30.185964,26605.1817
99,969.9201774131706,885.5378967187237,-330.11369758158554,1.887228148825001,99,2.1654654093853263,347.515087,-352.968967,351.409456,991.363494,1083.01273,1082.96223,0.014446658,-0.0239139322,-0.709182933,-0.704470713,0.0289684599,-0.051187243,0.704690652,-0.707072684,0.999182321,0.026026878,-0.00970641754,0.0293781782,0.0242242164,-0.998063421,-0.0194020204,0.0539087869,-0.0269899577,0.999635705,0.999635705,0.0269899577,0.075436458,-0.997150611,0.997150611,0.075436458,5.05575736e-09,7.74000208e-10,0.912349169,3.94164976,3.93711186,-0.548289616,1.1850992958729834e-14,1.1516701736177623e-14,8.554263965491479e-07,3.3769858297367216e-07,4.4968367620164256e-10,2.9764954224063504e-11,1.2526446911185747e-10,6.581816366825421e-10,7.216134042942267e-11,8.523846204599149e-10,1.471740382948492e-07,9.342433374285951e-07,1.0498746214229197e-09,5.929809256354085e-07,83.1204986,67164.4179,41.5604944,33581.8186
100,693.2725534221046,383.3788542173263,-335.52269769731123,1.7967067106630743,100,-0.5011942092825649,351.012642,-360.960219,357.563571,489.530876,709.909706,489.724045,0.0221499755,-0.114653839,-0.711578858,-0.692834327,0.0364416596,-0.0873183618,0.702240413,-0.705624483,0.0198067004,0.989462996,-0.0206150054,-0.141935535,0.998893928,-0.0138917566,-0.00943146846,0.0439202442,0.0348697664,0.999391865,0.999391865,-0.0348697664,0.208515898,-0.978018978,0.978018978,0.208515898,1.01893275e-07,1.24769887e-08,0.195987733,0.398557509,0.188507048,-0.571756271,7.146670330509037e-12,5.683857623693153e-13,7.39435457407281e-09,1.5426079482468563e-07,4.802945382618888e-10,2.8537782419053535e-11,8.245795076066534e-11,4.714728451972186e-11,8.25169556795741e-11,1.0015473740337078e-09,1.0367189668150006e-08,2.7383766268282602e-08,1.169742381429388e-09,1.1454773650164553e-08,97.5055624,78143.2078,48.7530696,39071.1551
